-- MySQL dump 10.13  Distrib 5.1.41, for debian-linux-gnu (x86_64)
--
-- Host: localhost    Database: customer_app
-- ------------------------------------------------------
-- Server version	5.1.41-3ubuntu12.7

/*!40101 SET @OLD_CHARACTER_SET_CLIENT=@@CHARACTER_SET_CLIENT */;
/*!40101 SET @OLD_CHARACTER_SET_RESULTS=@@CHARACTER_SET_RESULTS */;
/*!40101 SET @OLD_COLLATION_CONNECTION=@@COLLATION_CONNECTION */;
/*!40101 SET NAMES utf8 */;
/*!40103 SET @OLD_TIME_ZONE=@@TIME_ZONE */;
/*!40103 SET TIME_ZONE='+00:00' */;
/*!40014 SET @OLD_UNIQUE_CHECKS=@@UNIQUE_CHECKS, UNIQUE_CHECKS=0 */;
/*!40014 SET @OLD_FOREIGN_KEY_CHECKS=@@FOREIGN_KEY_CHECKS, FOREIGN_KEY_CHECKS=0 */;
/*!40101 SET @OLD_SQL_MODE=@@SQL_MODE, SQL_MODE='NO_AUTO_VALUE_ON_ZERO' */;
/*!40111 SET @OLD_SQL_NOTES=@@SQL_NOTES, SQL_NOTES=0 */;

--
-- Table structure for table `document`
--

DROP TABLE IF EXISTS `document`;
/*!40101 SET @saved_cs_client     = @@character_set_client */;
/*!40101 SET character_set_client = utf8 */;
CREATE TABLE `document` (
  `id` int(32) NOT NULL
) ENGINE=InnoDB DEFAULT CHARSET=utf8 COLLATE=utf8_unicode_ci;
/*!40101 SET character_set_client = @saved_cs_client */;

--
-- Dumping data for table `document`
--

LOCK TABLES `document` WRITE;
/*!40000 ALTER TABLE `document` DISABLE KEYS */;
/*!40000 ALTER TABLE `document` ENABLE KEYS */;
UNLOCK TABLES;

--
-- Table structure for table `document2`
--

DROP TABLE IF EXISTS `document2`;
/*!40101 SET @saved_cs_client     = @@character_set_client */;
/*!40101 SET character_set_client = utf8 */;
CREATE TABLE `document2` (
  `id` int(32) NOT NULL,
  `linktext` mediumblob NOT NULL
) ENGINE=InnoDB DEFAULT CHARSET=utf8 COLLATE=utf8_unicode_ci;
/*!40101 SET character_set_client = @saved_cs_client */;

--
-- Dumping data for table `document2`
--

LOCK TABLES `document2` WRITE;
/*!40000 ALTER TABLE `document2` DISABLE KEYS */;
/*!40000 ALTER TABLE `document2` ENABLE KEYS */;
UNLOCK TABLES;

--
-- Table structure for table `app_de_activitylog`
--

DROP TABLE IF EXISTS `app_de_activitylog`;
/*!40101 SET @saved_cs_client     = @@character_set_client */;
/*!40101 SET character_set_client = utf8 */;
CREATE TABLE `app_de_activitylog` (
  `id` int(32) NOT NULL AUTO_INCREMENT,
  `processid` int(32) NOT NULL,
  `severity` int(5) NOT NULL,
  `message` varchar(1000) COLLATE utf8_unicode_ci NOT NULL,
  `tag` varchar(20) COLLATE utf8_unicode_ci NOT NULL,
  `logtime` timestamp NOT NULL DEFAULT CURRENT_TIMESTAMP,
  `additionaldata` mediumblob NOT NULL,
  `packagekey` varchar(50) COLLATE utf8_unicode_ci NOT NULL,
  `methodname` varchar(50) COLLATE utf8_unicode_ci NOT NULL,
  `classname` varchar(50) COLLATE utf8_unicode_ci NOT NULL,
  PRIMARY KEY (`id`)
) ENGINE=InnoDB AUTO_INCREMENT=206 DEFAULT CHARSET=utf8 COLLATE=utf8_unicode_ci;
/*!40101 SET character_set_client = @saved_cs_client */;

--
-- Dumping data for table `app_de_activitylog`
--

LOCK TABLES `app_de_activitylog` WRITE;
/*!40000 ALTER TABLE `app_de_activitylog` DISABLE KEYS */;
INSERT INTO `app_de_activitylog` VALUES (1,0,6,'No URLs for crawling in the Queue. Stopped\n','','0000-00-00 00:00:00','Array','','addLogMessage','Domain_Crawler_CrawlerService'),(2,0,6,'Processing http://www.customer.de/ 3','','0000-00-00 00:00:00','Array','','addLogMessage','Domain_Crawler_CrawlerService'),(3,0,6,'fetched Origin:http://www.customer.de/ New-Url:http://www.customer.de:80/','','0000-00-00 00:00:00','Array','','addLogMessage','Domain_Crawler_CrawlerService'),(4,0,6,'Status 200 OK - detected Encoding:UTF-8','','0000-00-00 00:00:00','Array','','addLogMessage','Domain_Crawler_CrawlerService'),(5,0,6,'Creating new document for regular url: http://www.customer.de/','','0000-00-00 00:00:00','Array','','determineDocumentsToSave','Domain_Crawler_CrawlerService'),(6,0,6,'Updated #0 Insert #1 Failed #0 - documents in the Repository','','0000-00-00 00:00:00','Array','','addLogMessage','Domain_Crawler_CrawlerService'),(7,0,6,'reserved next document id 3','','0000-00-00 00:00:00','Array','','singleIndexRun','Controller_app'),(8,0,6,'adding document to the index ','','0000-00-00 00:00:00','Array','','index','Domain_app_app'),(9,0,6,'update document links ','','0000-00-00 00:00:00','Array','','index','Domain_app_app'),(10,0,6,'marked document as processed #3 http://www.customer.de/','','0000-00-00 00:00:00','Array','','singleIndexRun','Controller_app'),(11,0,6,'Ready with Indexing :-) / Processed:1 ; Skipped:0','','0000-00-00 00:00:00','Array','','indexAction','Controller_app'),(12,0,6,'LinkAnalyser is processing url http://www.customer.de/customer-dsads-2/','','0000-00-00 00:00:00','Array','','process','Domain_LinkAnalyser_LinkAnalyserService'),(13,0,6,'LinkAnalyser is adding url: http://www.customer.de/customer-dsads-2/ #4','','0000-00-00 00:00:00','Array','','process','Domain_LinkAnalyser_LinkAnalyserService'),(14,0,6,'LinkAnalyser is processing url http://www.customer.de/customer-dsads-2/','','0000-00-00 00:00:00','Array','','process','Domain_LinkAnalyser_LinkAnalyserService'),(15,0,6,'LinkAnalyser is processing url http://www.customer.de/9cent/','','0000-00-00 00:00:00','Array','','process','Domain_LinkAnalyser_LinkAnalyserService'),(16,0,6,'LinkAnalyser is adding url: http://www.customer.de/9cent/ #5','','0000-00-00 00:00:00','Array','','process','Domain_LinkAnalyser_LinkAnalyserService'),(17,0,6,'LinkAnalyser is processing url http://www.customer.de/prepaid/karte/','','0000-00-00 00:00:00','Array','','process','Domain_LinkAnalyser_LinkAnalyserService'),(18,0,6,'LinkAnalyser is adding url: http://www.customer.de/prepaid/karte/ #6','','0000-00-00 00:00:00','Array','','process','Domain_LinkAnalyser_LinkAnalyserService'),(19,0,6,'LinkAnalyser is processing url http://www.customer.de/prepaid/karte/','','0000-00-00 00:00:00','Array','','process','Domain_LinkAnalyser_LinkAnalyserService'),(20,0,6,'LinkAnalyser is processing url http://www.customer.de/customer-shop/','','0000-00-00 00:00:00','Array','','process','Domain_LinkAnalyser_LinkAnalyserService'),(21,0,6,'LinkAnalyser is adding url: http://www.customer.de/customer-shop/ #7','','0000-00-00 00:00:00','Array','','process','Domain_LinkAnalyser_LinkAnalyserService'),(22,0,6,'LinkAnalyser is processing url http://www.customer.de/customer-shop/','','0000-00-00 00:00:00','Array','','process','Domain_LinkAnalyser_LinkAnalyserService'),(23,0,6,'LinkAnalyser is processing url http://www.customer-forum.de/','','0000-00-00 00:00:00','Array','','process','Domain_LinkAnalyser_LinkAnalyserService'),(24,0,6,'LinkAnalyser is adding url: http://www.customer-forum.de/ #8','','0000-00-00 00:00:00','Array','','process','Domain_LinkAnalyser_LinkAnalyserService'),(25,0,6,'LinkAnalyser is processing url http://www.customer.de/agb/','','0000-00-00 00:00:00','Array','','process','Domain_LinkAnalyser_LinkAnalyserService'),(26,0,6,'LinkAnalyser is adding url: http://www.customer.de/agb/ #9','','0000-00-00 00:00:00','Array','','process','Domain_LinkAnalyser_LinkAnalyserService'),(27,0,6,'LinkAnalyser is processing url http://www.customer.de/impressum/','','0000-00-00 00:00:00','Array','','process','Domain_LinkAnalyser_LinkAnalyserService'),(28,0,6,'LinkAnalyser is adding url: http://www.customer.de/impressum/ #10','','0000-00-00 00:00:00','Array','','process','Domain_LinkAnalyser_LinkAnalyserService'),(29,0,6,'LinkAnalyser is processing url http://www.customer.de/datenschutz/','','0000-00-00 00:00:00','Array','','process','Domain_LinkAnalyser_LinkAnalyserService'),(30,0,6,'LinkAnalyser is adding url: http://www.customer.de/datenschutz/ #11','','0000-00-00 00:00:00','Array','','process','Domain_LinkAnalyser_LinkAnalyserService'),(31,0,6,'LinkAnalyser is processing url http://www.customer.de/ueber-customer/','','0000-00-00 00:00:00','Array','','process','Domain_LinkAnalyser_LinkAnalyserService'),(32,0,6,'LinkAnalyser is adding url: http://www.customer.de/ueber-customer/ #12','','0000-00-00 00:00:00','Array','','process','Domain_LinkAnalyser_LinkAnalyserService'),(33,0,6,'LinkAnalyser is processing url http://www.customer.de/newsletter/','','0000-00-00 00:00:00','Array','','process','Domain_LinkAnalyser_LinkAnalyserService'),(34,0,6,'LinkAnalyser is adding url: http://www.customer.de/newsletter/ #13','','0000-00-00 00:00:00','Array','','process','Domain_LinkAnalyser_LinkAnalyserService'),(35,0,6,'LinkAnalyser is processing url http://customer.custhelp.com/cgi-bin/customer.cfg/php/enduser/ask.php','','0000-00-00 00:00:00','Array','','process','Domain_LinkAnalyser_LinkAnalyserService'),(36,0,6,'LinkAnalyser is adding url: http://customer.custhelp.com/cgi-bin/customer.cfg/php/enduser/ask.php #14','','0000-00-00 00:00:00','Array','','process','Domain_LinkAnalyser_LinkAnalyserService'),(37,0,6,'LinkAnalyser is processing url https://www.customer.de/meincustomer/passwort-vergessen/','','0000-00-00 00:00:00','Array','','process','Domain_LinkAnalyser_LinkAnalyserService'),(38,0,6,'LinkAnalyser skipped url https://www.customer.de/meincustomer/passwort-vergessen/ with message  Link cleander detected unallowed url uncleaned: https://www.customer.de/meincustomer/passwort-vergessen/ cleaned: https://www.customer.de/meincustomer/passwort-vergessen/','','0000-00-00 00:00:00','Array','','process','Domain_LinkAnalyser_LinkAnalyserService'),(39,0,6,'LinkAnalyser is processing url https://www.customer.de/meincustomer/','','0000-00-00 00:00:00','Array','','process','Domain_LinkAnalyser_LinkAnalyserService'),(40,0,6,'LinkAnalyser skipped url https://www.customer.de/meincustomer/ with message  Link cleander detected unallowed url uncleaned: https://www.customer.de/meincustomer/ cleaned: https://www.customer.de/meincustomer/','','0000-00-00 00:00:00','Array','','process','Domain_LinkAnalyser_LinkAnalyserService'),(41,0,6,'LinkAnalyser is processing url http://www.customer.de/prepaid/','','0000-00-00 00:00:00','Array','','process','Domain_LinkAnalyser_LinkAnalyserService'),(42,0,6,'LinkAnalyser is adding url: http://www.customer.de/prepaid/ #15','','0000-00-00 00:00:00','Array','','process','Domain_LinkAnalyser_LinkAnalyserService'),(43,0,6,'LinkAnalyser is processing url http://www.customer.de/tarife/','','0000-00-00 00:00:00','Array','','process','Domain_LinkAnalyser_LinkAnalyserService'),(44,0,6,'LinkAnalyser is adding url: http://www.customer.de/tarife/ #16','','0000-00-00 00:00:00','Array','','process','Domain_LinkAnalyser_LinkAnalyserService'),(45,0,6,'LinkAnalyser is processing url http://www.customer.de/handys/','','0000-00-00 00:00:00','Array','','process','Domain_LinkAnalyser_LinkAnalyserService'),(46,0,6,'LinkAnalyser skipped url http://www.customer.de/handys/ with message  Link cleander detected unallowed url uncleaned: http://www.customer.de/handys/ cleaned: http://www.customer.de/handys/','','0000-00-00 00:00:00','Array','','process','Domain_LinkAnalyser_LinkAnalyserService'),(47,0,6,'LinkAnalyser is processing url http://www.customer.de/product-product/','','0000-00-00 00:00:00','Array','','process','Domain_LinkAnalyser_LinkAnalyserService'),(48,0,6,'LinkAnalyser is adding url: http://www.customer.de/product-product/ #17','','0000-00-00 00:00:00','Array','','process','Domain_LinkAnalyser_LinkAnalyserService'),(49,0,6,'LinkAnalyser is processing url http://www.customer.de/hilfe-service/','','0000-00-00 00:00:00','Array','','process','Domain_LinkAnalyser_LinkAnalyserService'),(50,0,6,'LinkAnalyser is adding url: http://www.customer.de/hilfe-service/ #18','','0000-00-00 00:00:00','Array','','process','Domain_LinkAnalyser_LinkAnalyserService'),(51,0,6,'LinkAnalyser is processing url http://www.customer.de/spielfeld/','','0000-00-00 00:00:00','Array','','process','Domain_LinkAnalyser_LinkAnalyserService'),(52,0,6,'LinkAnalyser is adding url: http://www.customer.de/spielfeld/ #19','','0000-00-00 00:00:00','Array','','process','Domain_LinkAnalyser_LinkAnalyserService'),(53,0,6,'LinkAnalyser is processing url http://www.customer.de/werben-und-verdienen/','','0000-00-00 00:00:00','Array','','process','Domain_LinkAnalyser_LinkAnalyserService'),(54,0,6,'LinkAnalyser is adding url: http://www.customer.de/werben-und-verdienen/ #20','','0000-00-00 00:00:00','Array','','process','Domain_LinkAnalyser_LinkAnalyserService'),(55,0,6,'LinkAnalyser is processing url http://www.customer.de/presse/','','0000-00-00 00:00:00','Array','','process','Domain_LinkAnalyser_LinkAnalyserService'),(56,0,6,'LinkAnalyser is adding url: http://www.customer.de/presse/ #21','','0000-00-00 00:00:00','Array','','process','Domain_LinkAnalyser_LinkAnalyserService'),(57,0,6,'Ready with Indexing :-) / Processed:0 ; Skipped:0','','0000-00-00 00:00:00','Array','','indexAction','Controller_app'),(58,0,6,'Processing http://www.customer.de/customer-dsads-2/ 4','','0000-00-00 00:00:00','Array','','addLogMessage','Domain_Crawler_CrawlerService'),(59,0,6,'fetched Origin:http://www.customer.de/customer-dsads-2/ New-Url:http://www.customer.de:80/customer-dsads-2/','','0000-00-00 00:00:00','Array','','addLogMessage','Domain_Crawler_CrawlerService'),(60,0,6,'Status 200 OK - detected Encoding:UTF-8','','0000-00-00 00:00:00','Array','','addLogMessage','Domain_Crawler_CrawlerService'),(61,0,6,'Creating new document for regular url: http://www.customer.de/customer-dsads-2/','','0000-00-00 00:00:00','Array','','determineDocumentsToSave','Domain_Crawler_CrawlerService'),(62,0,6,'Processing http://www.customer.de/9cent/ 5','','0000-00-00 00:00:00','Array','','addLogMessage','Domain_Crawler_CrawlerService'),(63,0,6,'fetched Origin:http://www.customer.de/9cent/ New-Url:http://www.customer.de:80/9cent/','','0000-00-00 00:00:00','Array','','addLogMessage','Domain_Crawler_CrawlerService'),(64,0,6,'Status 200 OK - detected Encoding:UTF-8','','0000-00-00 00:00:00','Array','','addLogMessage','Domain_Crawler_CrawlerService'),(65,0,6,'Creating new document for regular url: http://www.customer.de/9cent/','','0000-00-00 00:00:00','Array','','determineDocumentsToSave','Domain_Crawler_CrawlerService'),(66,0,6,'Processing http://www.customer.de/prepaid/karte/ 6','','0000-00-00 00:00:00','Array','','addLogMessage','Domain_Crawler_CrawlerService'),(67,0,6,'fetched Origin:http://www.customer.de/prepaid/karte/ New-Url:http://www.customer.de:80/prepaid/karte/','','0000-00-00 00:00:00','Array','','addLogMessage','Domain_Crawler_CrawlerService'),(68,0,6,'Status 200 OK - detected Encoding:UTF-8','','0000-00-00 00:00:00','Array','','addLogMessage','Domain_Crawler_CrawlerService'),(69,0,6,'Creating new document for regular url: http://www.customer.de/prepaid/karte/','','0000-00-00 00:00:00','Array','','determineDocumentsToSave','Domain_Crawler_CrawlerService'),(70,0,6,'Processing http://www.customer.de/customer-shop/ 7','','0000-00-00 00:00:00','Array','','addLogMessage','Domain_Crawler_CrawlerService'),(71,0,6,'fetched Origin:http://www.customer.de/customer-shop/ New-Url:http://www.customer.de:80/customer-shop/','','0000-00-00 00:00:00','Array','','addLogMessage','Domain_Crawler_CrawlerService'),(72,0,6,'Status 200 OK - detected Encoding:UTF-8','','0000-00-00 00:00:00','Array','','addLogMessage','Domain_Crawler_CrawlerService'),(73,0,6,'Creating new document for regular url: http://www.customer.de/customer-shop/','','0000-00-00 00:00:00','Array','','determineDocumentsToSave','Domain_Crawler_CrawlerService'),(74,0,6,'Processing http://www.customer-forum.de/ 8','','0000-00-00 00:00:00','Array','','addLogMessage','Domain_Crawler_CrawlerService'),(75,0,6,'fetched Origin:http://www.customer-forum.de/ New-Url:http://www.customer-forum.de:80/','','0000-00-00 00:00:00','Array','','addLogMessage','Domain_Crawler_CrawlerService'),(76,0,6,'Status 200 OK - detected Encoding:UTF-8','','0000-00-00 00:00:00','Array','','addLogMessage','Domain_Crawler_CrawlerService'),(77,0,6,'Creating new document for regular url: http://www.customer-forum.de/','','0000-00-00 00:00:00','Array','','determineDocumentsToSave','Domain_Crawler_CrawlerService'),(78,0,6,'Processing http://www.customer.de/agb/ 9','','0000-00-00 00:00:00','Array','','addLogMessage','Domain_Crawler_CrawlerService'),(79,0,6,'fetched Origin:http://www.customer.de/agb/ New-Url:http://www.customer.de:80/agb/','','0000-00-00 00:00:00','Array','','addLogMessage','Domain_Crawler_CrawlerService'),(80,0,6,'Status 200 OK - detected Encoding:UTF-8','','0000-00-00 00:00:00','Array','','addLogMessage','Domain_Crawler_CrawlerService'),(81,0,6,'Creating new document for regular url: http://www.customer.de/agb/','','0000-00-00 00:00:00','Array','','determineDocumentsToSave','Domain_Crawler_CrawlerService'),(82,0,6,'Processing http://www.customer.de/impressum/ 10','','0000-00-00 00:00:00','Array','','addLogMessage','Domain_Crawler_CrawlerService'),(83,0,6,'fetched Origin:http://www.customer.de/impressum/ New-Url:http://www.customer.de:80/impressum/','','0000-00-00 00:00:00','Array','','addLogMessage','Domain_Crawler_CrawlerService'),(84,0,6,'Status 200 OK - detected Encoding:UTF-8','','0000-00-00 00:00:00','Array','','addLogMessage','Domain_Crawler_CrawlerService'),(85,0,6,'Creating new document for regular url: http://www.customer.de/impressum/','','0000-00-00 00:00:00','Array','','determineDocumentsToSave','Domain_Crawler_CrawlerService'),(86,0,6,'Processing http://www.customer.de/datenschutz/ 11','','0000-00-00 00:00:00','Array','','addLogMessage','Domain_Crawler_CrawlerService'),(87,0,6,'fetched Origin:http://www.customer.de/datenschutz/ New-Url:http://www.customer.de:80/datenschutz/','','0000-00-00 00:00:00','Array','','addLogMessage','Domain_Crawler_CrawlerService'),(88,0,6,'Status 200 OK - detected Encoding:UTF-8','','0000-00-00 00:00:00','Array','','addLogMessage','Domain_Crawler_CrawlerService'),(89,0,6,'Creating new document for regular url: http://www.customer.de/datenschutz/','','0000-00-00 00:00:00','Array','','determineDocumentsToSave','Domain_Crawler_CrawlerService'),(90,0,6,'Processing http://www.customer.de/ueber-customer/ 12','','0000-00-00 00:00:00','Array','','addLogMessage','Domain_Crawler_CrawlerService'),(91,0,6,'fetched Origin:http://www.customer.de/ueber-customer/ New-Url:http://www.customer.de:80/ueber-customer/','','0000-00-00 00:00:00','Array','','addLogMessage','Domain_Crawler_CrawlerService'),(92,0,6,'Status 200 OK - detected Encoding:UTF-8','','0000-00-00 00:00:00','Array','','addLogMessage','Domain_Crawler_CrawlerService'),(93,0,6,'Creating new document for regular url: http://www.customer.de/ueber-customer/','','0000-00-00 00:00:00','Array','','determineDocumentsToSave','Domain_Crawler_CrawlerService'),(94,0,6,'Processing http://www.customer.de/newsletter/ 13','','0000-00-00 00:00:00','Array','','addLogMessage','Domain_Crawler_CrawlerService'),(95,0,6,'fetched Origin:http://www.customer.de/newsletter/ New-Url:http://www.customer.de:80/newsletter/','','0000-00-00 00:00:00','Array','','addLogMessage','Domain_Crawler_CrawlerService'),(96,0,6,'Status 200 OK - detected Encoding:UTF-8','','0000-00-00 00:00:00','Array','','addLogMessage','Domain_Crawler_CrawlerService'),(97,0,6,'Creating new document for regular url: http://www.customer.de/newsletter/','','0000-00-00 00:00:00','Array','','determineDocumentsToSave','Domain_Crawler_CrawlerService'),(98,0,6,'Processing http://customer.custhelp.com/cgi-bin/customer.cfg/php/enduser/ask.php 14','','0000-00-00 00:00:00','Array','','addLogMessage','Domain_Crawler_CrawlerService'),(99,0,6,'fetched Origin:http://customer.custhelp.com/cgi-bin/customer.cfg/php/enduser/ask.php New-Url:http://customer.custhelp.com:80/app/ask','','0000-00-00 00:00:00','Array','','addLogMessage','Domain_Crawler_CrawlerService'),(100,0,6,'Status 200 OK - detected Encoding:UTF-8','','0000-00-00 00:00:00','Array','','addLogMessage','Domain_Crawler_CrawlerService'),(101,0,6,'Creating new document for regular url: http://customer.custhelp.com/app/ask','','0000-00-00 00:00:00','Array','','determineDocumentsToSave','Domain_Crawler_CrawlerService'),(102,0,6,'Redirect detected: http://customer.custhelp.com/cgi-bin/customer.cfg/php/enduser/ask.php redirects to http://customer.custhelp.com:80/app/ask','','0000-00-00 00:00:00','Array','','determineDocumentsToSave','Domain_Crawler_CrawlerService'),(103,0,6,'Creating new document for redirect url: http://customer.custhelp.com/cgi-bin/customer.cfg/php/enduser/ask.php','','0000-00-00 00:00:00','Array','','determineDocumentsToSave','Domain_Crawler_CrawlerService'),(104,0,6,'Processing http://www.customer.de/prepaid/ 15','','0000-00-00 00:00:00','Array','','addLogMessage','Domain_Crawler_CrawlerService'),(105,0,6,'fetched Origin:http://www.customer.de/prepaid/ New-Url:http://www.customer.de:80/prepaid/','','0000-00-00 00:00:00','Array','','addLogMessage','Domain_Crawler_CrawlerService'),(106,0,6,'Status 200 OK - detected Encoding:UTF-8','','0000-00-00 00:00:00','Array','','addLogMessage','Domain_Crawler_CrawlerService'),(107,0,6,'Creating new document for regular url: http://www.customer.de/prepaid/','','0000-00-00 00:00:00','Array','','determineDocumentsToSave','Domain_Crawler_CrawlerService'),(108,0,6,'Processing http://www.customer.de/tarife/ 16','','0000-00-00 00:00:00','Array','','addLogMessage','Domain_Crawler_CrawlerService'),(109,0,6,'fetched Origin:http://www.customer.de/tarife/ New-Url:http://www.customer.de:80/tarife/','','0000-00-00 00:00:00','Array','','addLogMessage','Domain_Crawler_CrawlerService'),(110,0,6,'Status 200 OK - detected Encoding:UTF-8','','0000-00-00 00:00:00','Array','','addLogMessage','Domain_Crawler_CrawlerService'),(111,0,6,'Creating new document for regular url: http://www.customer.de/tarife/','','0000-00-00 00:00:00','Array','','determineDocumentsToSave','Domain_Crawler_CrawlerService'),(112,0,6,'Processing http://www.customer.de/product-product/ 17','','0000-00-00 00:00:00','Array','','addLogMessage','Domain_Crawler_CrawlerService'),(113,0,6,'fetched Origin:http://www.customer.de/product-product/ New-Url:http://www.customer.de:80/product-product/','','0000-00-00 00:00:00','Array','','addLogMessage','Domain_Crawler_CrawlerService'),(114,0,6,'Status 200 OK - detected Encoding:UTF-8','','0000-00-00 00:00:00','Array','','addLogMessage','Domain_Crawler_CrawlerService'),(115,0,6,'Creating new document for regular url: http://www.customer.de/product-product/','','0000-00-00 00:00:00','Array','','determineDocumentsToSave','Domain_Crawler_CrawlerService'),(116,0,6,'Processing http://www.customer.de/hilfe-service/ 18','','0000-00-00 00:00:00','Array','','addLogMessage','Domain_Crawler_CrawlerService'),(117,0,6,'fetched Origin:http://www.customer.de/hilfe-service/ New-Url:http://www.customer.de:80/hilfe-service/','','0000-00-00 00:00:00','Array','','addLogMessage','Domain_Crawler_CrawlerService'),(118,0,6,'Status 200 OK - detected Encoding:UTF-8','','0000-00-00 00:00:00','Array','','addLogMessage','Domain_Crawler_CrawlerService'),(119,0,6,'Creating new document for regular url: http://www.customer.de/hilfe-service/','','0000-00-00 00:00:00','Array','','determineDocumentsToSave','Domain_Crawler_CrawlerService'),(120,0,6,'Processing http://www.customer.de/spielfeld/ 19','','0000-00-00 00:00:00','Array','','addLogMessage','Domain_Crawler_CrawlerService'),(121,0,6,'fetched Origin:http://www.customer.de/spielfeld/ New-Url:http://www.customer.de:80/spielfeld/','','0000-00-00 00:00:00','Array','','addLogMessage','Domain_Crawler_CrawlerService'),(122,0,6,'Status 200 OK - detected Encoding:UTF-8','','0000-00-00 00:00:00','Array','','addLogMessage','Domain_Crawler_CrawlerService'),(123,0,6,'Creating new document for regular url: http://www.customer.de/spielfeld/','','0000-00-00 00:00:00','Array','','determineDocumentsToSave','Domain_Crawler_CrawlerService'),(124,0,6,'Processing http://www.customer.de/werben-und-verdienen/ 20','','0000-00-00 00:00:00','Array','','addLogMessage','Domain_Crawler_CrawlerService'),(125,0,6,'fetched Origin:http://www.customer.de/werben-und-verdienen/ New-Url:http://www.customer.de:80/werben-und-verdienen/','','0000-00-00 00:00:00','Array','','addLogMessage','Domain_Crawler_CrawlerService'),(126,0,6,'Status 200 OK - detected Encoding:UTF-8','','0000-00-00 00:00:00','Array','','addLogMessage','Domain_Crawler_CrawlerService'),(127,0,6,'Creating new document for regular url: http://www.customer.de/werben-und-verdienen/','','0000-00-00 00:00:00','Array','','determineDocumentsToSave','Domain_Crawler_CrawlerService'),(128,0,6,'Processing http://www.customer.de/presse/ 21','','0000-00-00 00:00:00','Array','','addLogMessage','Domain_Crawler_CrawlerService'),(129,0,6,'fetched Origin:http://www.customer.de/presse/ New-Url:http://www.customer.de:80/presse/','','0000-00-00 00:00:00','Array','','addLogMessage','Domain_Crawler_CrawlerService'),(130,0,6,'Status 200 OK - detected Encoding:UTF-8','','0000-00-00 00:00:00','Array','','addLogMessage','Domain_Crawler_CrawlerService'),(131,0,6,'Creating new document for regular url: http://www.customer.de/presse/','','0000-00-00 00:00:00','Array','','determineDocumentsToSave','Domain_Crawler_CrawlerService'),(132,0,6,'Updated #0 Insert #19 Failed #0 - documents in the Repository','','0000-00-00 00:00:00','Array','','addLogMessage','Domain_Crawler_CrawlerService'),(133,0,6,'reserved next document id 4','','0000-00-00 00:00:00','Array','','singleIndexRun','Controller_app'),(134,0,6,'adding document to the index ','','0000-00-00 00:00:00','Array','','index','Domain_app_app'),(135,0,6,'update document links ','','0000-00-00 00:00:00','Array','','index','Domain_app_app'),(136,0,6,'marked document as processed #4 http://www.customer.de/customer-dsads-2/','','0000-00-00 00:00:00','Array','','singleIndexRun','Controller_app'),(137,0,6,'reserved next document id 5','','0000-00-00 00:00:00','Array','','singleIndexRun','Controller_app'),(138,0,6,'adding document to the index ','','0000-00-00 00:00:00','Array','','index','Domain_app_app'),(139,0,6,'update document links ','','0000-00-00 00:00:00','Array','','index','Domain_app_app'),(140,0,6,'marked document as processed #5 http://www.customer.de/9cent/','','0000-00-00 00:00:00','Array','','singleIndexRun','Controller_app'),(141,0,6,'reserved next document id 6','','0000-00-00 00:00:00','Array','','singleIndexRun','Controller_app'),(142,0,6,'adding document to the index ','','0000-00-00 00:00:00','Array','','index','Domain_app_app'),(143,0,6,'update document links ','','0000-00-00 00:00:00','Array','','index','Domain_app_app'),(144,0,6,'marked document as processed #6 http://www.customer.de/prepaid/karte/','','0000-00-00 00:00:00','Array','','singleIndexRun','Controller_app'),(145,0,6,'reserved next document id 7','','0000-00-00 00:00:00','Array','','singleIndexRun','Controller_app'),(146,0,6,'adding document to the index ','','0000-00-00 00:00:00','Array','','index','Domain_app_app'),(147,0,6,'update document links ','','0000-00-00 00:00:00','Array','','index','Domain_app_app'),(148,0,6,'marked document as processed #7 http://www.customer.de/customer-shop/','','0000-00-00 00:00:00','Array','','singleIndexRun','Controller_app'),(149,0,6,'reserved next document id 8','','0000-00-00 00:00:00','Array','','singleIndexRun','Controller_app'),(150,0,6,'adding document to the index ','','0000-00-00 00:00:00','Array','','index','Domain_app_app'),(151,0,6,'update document links ','','0000-00-00 00:00:00','Array','','index','Domain_app_app'),(152,0,6,'marked document as processed #8 http://www.customer-forum.de/','','0000-00-00 00:00:00','Array','','singleIndexRun','Controller_app'),(153,0,6,'reserved next document id 9','','0000-00-00 00:00:00','Array','','singleIndexRun','Controller_app'),(154,0,6,'adding document to the index ','','0000-00-00 00:00:00','Array','','index','Domain_app_app'),(155,0,6,'update document links ','','0000-00-00 00:00:00','Array','','index','Domain_app_app'),(156,0,6,'marked document as processed #9 http://www.customer.de/agb/','','0000-00-00 00:00:00','Array','','singleIndexRun','Controller_app'),(157,0,6,'reserved next document id 10','','0000-00-00 00:00:00','Array','','singleIndexRun','Controller_app'),(158,0,6,'adding document to the index ','','0000-00-00 00:00:00','Array','','index','Domain_app_app'),(159,0,6,'update document links ','','0000-00-00 00:00:00','Array','','index','Domain_app_app'),(160,0,6,'marked document as processed #10 http://www.customer.de/impressum/','','0000-00-00 00:00:00','Array','','singleIndexRun','Controller_app'),(161,0,6,'reserved next document id 11','','0000-00-00 00:00:00','Array','','singleIndexRun','Controller_app'),(162,0,6,'adding document to the index ','','0000-00-00 00:00:00','Array','','index','Domain_app_app'),(163,0,6,'update document links ','','0000-00-00 00:00:00','Array','','index','Domain_app_app'),(164,0,6,'marked document as processed #11 http://www.customer.de/datenschutz/','','0000-00-00 00:00:00','Array','','singleIndexRun','Controller_app'),(165,0,6,'reserved next document id 12','','0000-00-00 00:00:00','Array','','singleIndexRun','Controller_app'),(166,0,6,'adding document to the index ','','0000-00-00 00:00:00','Array','','index','Domain_app_app'),(167,0,6,'update document links ','','0000-00-00 00:00:00','Array','','index','Domain_app_app'),(168,0,6,'marked document as processed #12 http://www.customer.de/ueber-customer/','','0000-00-00 00:00:00','Array','','singleIndexRun','Controller_app'),(169,0,6,'reserved next document id 13','','0000-00-00 00:00:00','Array','','singleIndexRun','Controller_app'),(170,0,6,'adding document to the index ','','0000-00-00 00:00:00','Array','','index','Domain_app_app'),(171,0,6,'update document links ','','0000-00-00 00:00:00','Array','','index','Domain_app_app'),(172,0,6,'marked document as processed #13 http://www.customer.de/newsletter/','','0000-00-00 00:00:00','Array','','singleIndexRun','Controller_app'),(173,0,6,'reserved next document id 14','','0000-00-00 00:00:00','Array','','singleIndexRun','Controller_app'),(174,0,6,'adding document to the index ','','0000-00-00 00:00:00','Array','','index','Domain_app_app'),(175,0,6,'update document links ','','0000-00-00 00:00:00','Array','','index','Domain_app_app'),(176,0,6,'marked document as processed #14 http://customer.custhelp.com/app/ask','','0000-00-00 00:00:00','Array','','singleIndexRun','Controller_app'),(177,0,6,'reserved next document id 15','','0000-00-00 00:00:00','Array','','singleIndexRun','Controller_app'),(178,0,6,'adding document to the index ','','0000-00-00 00:00:00','Array','','index','Domain_app_app'),(179,0,6,'update document links ','','0000-00-00 00:00:00','Array','','index','Domain_app_app'),(180,0,6,'marked document as processed #15 http://www.customer.de/prepaid/','','0000-00-00 00:00:00','Array','','singleIndexRun','Controller_app'),(181,0,6,'reserved next document id 16','','0000-00-00 00:00:00','Array','','singleIndexRun','Controller_app'),(182,0,6,'adding document to the index ','','0000-00-00 00:00:00','Array','','index','Domain_app_app'),(183,0,6,'update document links ','','0000-00-00 00:00:00','Array','','index','Domain_app_app'),(184,0,6,'marked document as processed #16 http://www.customer.de/tarife/','','0000-00-00 00:00:00','Array','','singleIndexRun','Controller_app'),(185,0,6,'reserved next document id 17','','0000-00-00 00:00:00','Array','','singleIndexRun','Controller_app'),(186,0,6,'adding document to the index ','','0000-00-00 00:00:00','Array','','index','Domain_app_app'),(187,0,6,'update document links ','','0000-00-00 00:00:00','Array','','index','Domain_app_app'),(188,0,6,'marked document as processed #17 http://www.customer.de/product-product/','','0000-00-00 00:00:00','Array','','singleIndexRun','Controller_app'),(189,0,6,'reserved next document id 18','','0000-00-00 00:00:00','Array','','singleIndexRun','Controller_app'),(190,0,6,'adding document to the index ','','0000-00-00 00:00:00','Array','','index','Domain_app_app'),(191,0,6,'update document links ','','0000-00-00 00:00:00','Array','','index','Domain_app_app'),(192,0,6,'marked document as processed #18 http://www.customer.de/hilfe-service/','','0000-00-00 00:00:00','Array','','singleIndexRun','Controller_app'),(193,0,6,'reserved next document id 19','','0000-00-00 00:00:00','Array','','singleIndexRun','Controller_app'),(194,0,6,'adding document to the index ','','0000-00-00 00:00:00','Array','','index','Domain_app_app'),(195,0,6,'update document links ','','0000-00-00 00:00:00','Array','','index','Domain_app_app'),(196,0,6,'marked document as processed #19 http://www.customer.de/spielfeld/','','0000-00-00 00:00:00','Array','','singleIndexRun','Controller_app'),(197,0,6,'reserved next document id 20','','0000-00-00 00:00:00','Array','','singleIndexRun','Controller_app'),(198,0,6,'adding document to the index ','','0000-00-00 00:00:00','Array','','index','Domain_app_app'),(199,0,6,'update document links ','','0000-00-00 00:00:00','Array','','index','Domain_app_app'),(200,0,6,'marked document as processed #20 http://www.customer.de/werben-und-verdienen/','','0000-00-00 00:00:00','Array','','singleIndexRun','Controller_app'),(201,0,6,'reserved next document id 21','','0000-00-00 00:00:00','Array','','singleIndexRun','Controller_app'),(202,0,6,'adding document to the index ','','0000-00-00 00:00:00','Array','','index','Domain_app_app'),(203,0,6,'update document links ','','0000-00-00 00:00:00','Array','','index','Domain_app_app'),(204,0,6,'marked document as processed #21 http://www.customer.de/presse/','','0000-00-00 00:00:00','Array','','singleIndexRun','Controller_app'),(205,0,6,'Ready with Indexing :-) / Processed:18 ; Skipped:0','','0000-00-00 00:00:00','Array','','indexAction','Controller_app');
/*!40000 ALTER TABLE `app_de_activitylog` ENABLE KEYS */;
UNLOCK TABLES;

--
-- Table structure for table `app_de_commandlog`
--

DROP TABLE IF EXISTS `app_de_commandlog`;
/*!40101 SET @saved_cs_client     = @@character_set_client */;
/*!40101 SET character_set_client = utf8 */;
CREATE TABLE `app_de_commandlog` (
  `processid` int(32) NOT NULL,
  `status` varchar(100) COLLATE utf8_unicode_ci NOT NULL,
  `log` varchar(1000) COLLATE utf8_unicode_ci DEFAULT NULL,
  `command` varchar(1000) COLLATE utf8_unicode_ci NOT NULL,
  `starttime` timestamp NOT NULL DEFAULT CURRENT_TIMESTAMP,
  `endtime` timestamp NULL DEFAULT NULL,
  `duration` int(32) DEFAULT NULL,
  `binary` varchar(32) COLLATE utf8_unicode_ci NOT NULL,
  PRIMARY KEY (`processid`),
  KEY `status` (`status`)
) ENGINE=InnoDB DEFAULT CHARSET=utf8 COLLATE=utf8_unicode_ci;
/*!40101 SET character_set_client = @saved_cs_client */;

--
-- Dumping data for table `app_de_commandlog`
--

LOCK TABLES `app_de_commandlog` WRITE;
/*!40000 ALTER TABLE `app_de_commandlog` DISABLE KEYS */;
INSERT INTO `app_de_commandlog` VALUES (4438,'finished','array (\n  0 => \'./LinkAnalyser.php\',\n  1 => \'addUrl\',\n  \'url\' => \'http://www.customer.de\',\n  \'settings\' => \'/var/www/customer/Configuration/Project/customer_devts.php\',\n)','Controller_LinkAnalyser->addUrl','2011-05-04 21:14:56','2011-05-04 21:14:56',0,'LinkAnalyser.php'),(4440,'error','array (\n  0 => \'./Crawler.php\',\n  1 => \'crawl\',\n  \'settings\' => \'/var/www/customer/Configuration/Project/customer_devts.php\',\n)An Error Occured\nSQLSTATE[23000]: Integrity constraint violation: 1048 Column \'additionaldata\' cannot be null\n #0 /var/www/customer/Contribute/app/Contribute/ZendFramework-1.11.0-minimal/library/Zend/Db/Statement.php(300): Zend_Db_Statement_Pdo->_execute(Array)\n#1 /var/www/customer/Contribute/app/Contribute/ZendFramework-1.11.0-minimal/library/Zend/Db/Adapter/Abstract.php(479): Zend_Db_Statement->execute(Array)\n#2 /var/www/customer/Contribute/app/Contribute/ZendFramework-1.11.0-minimal/library/Zend/Db/Adapter/Pdo/Abstract.php(238): Zend_Db_Adapter_Abstract->query(\'INSERT INTO `in...\', Array)\n#3 /var/www/customer/Contribute/app/Contribute/ZendFramework-1.11.0-minimal/library/Zend/Db/Adapter/Abstract.php(574): Zend_Db_Adapter_Pdo_Abstract->query(\'INSERT INTO `in...\', Array)\n#4 /var/www/customer/Contribute/app/Classes/Domain/ActivityLog/Activit','Controller_Crawler->crawl','2011-05-04 21:14:59','2011-05-04 21:14:59',0,'Crawler.php'),(4453,'error','array (\n  0 => \'./Crawler.php\',\n  1 => \'crawl\',\n  \'settings\' => \'/var/www/customer/Configuration/Project/customer_devts.php\',\n)An Error Occured\nSQLSTATE[23000]: Integrity constraint violation: 1048 Column \'additionaldata\' cannot be null\n #0 /var/www/customer/Contribute/app/Contribute/ZendFramework-1.11.0-minimal/library/Zend/Db/Statement.php(300): Zend_Db_Statement_Pdo->_execute(Array)\n#1 /var/www/customer/Contribute/app/Contribute/ZendFramework-1.11.0-minimal/library/Zend/Db/Adapter/Abstract.php(479): Zend_Db_Statement->execute(Array)\n#2 /var/www/customer/Contribute/app/Contribute/ZendFramework-1.11.0-minimal/library/Zend/Db/Adapter/Pdo/Abstract.php(238): Zend_Db_Adapter_Abstract->query(\'INSERT INTO `in...\', Array)\n#3 /var/www/customer/Contribute/app/Contribute/ZendFramework-1.11.0-minimal/library/Zend/Db/Adapter/Abstract.php(574): Zend_Db_Adapter_Pdo_Abstract->query(\'INSERT INTO `in...\', Array)\n#4 /var/www/customer/Contribute/app/Classes/Domain/ActivityLog/Activit','Controller_Crawler->crawl','2011-05-04 21:15:52','2011-05-04 21:15:52',0,'Crawler.php'),(4464,'error','array (\n  0 => \'./Crawler.php\',\n  1 => \'crawl\',\n  \'settings\' => \'/var/www/customer/Configuration/Project/customer_devts.php\',\n)An Error Occured\nSQLSTATE[23000]: Integrity constraint violation: 1048 Column \'additionaldata\' cannot be null\n #0 /var/www/customer/Contribute/app/Contribute/ZendFramework-1.11.0-minimal/library/Zend/Db/Statement.php(300): Zend_Db_Statement_Pdo->_execute(Array)\n#1 /var/www/customer/Contribute/app/Contribute/ZendFramework-1.11.0-minimal/library/Zend/Db/Adapter/Abstract.php(479): Zend_Db_Statement->execute(Array)\n#2 /var/www/customer/Contribute/app/Contribute/ZendFramework-1.11.0-minimal/library/Zend/Db/Adapter/Pdo/Abstract.php(238): Zend_Db_Adapter_Abstract->query(\'INSERT INTO `in...\', Array)\n#3 /var/www/customer/Contribute/app/Contribute/ZendFramework-1.11.0-minimal/library/Zend/Db/Adapter/Abstract.php(574): Zend_Db_Adapter_Pdo_Abstract->query(\'INSERT INTO `in...\', Array)\n#4 /var/www/customer/Contribute/app/Classes/Domain/ActivityLog/Activit','Controller_Crawler->crawl','2011-05-04 21:16:30','2011-05-04 21:16:30',0,'Crawler.php'),(4604,'error','array (\n  0 => \'./Crawler.php\',\n  1 => \'crawl\',\n  \'settings\' => \'/var/www/customer/Configuration/Project/customer_devts.php\',\n)An Error Occured\nSQLSTATE[23000]: Integrity constraint violation: 1048 Column \'packagekey\' cannot be null\n #0 /var/www/customer/Contribute/app/Contribute/ZendFramework-1.11.0-minimal/library/Zend/Db/Statement.php(300): Zend_Db_Statement_Pdo->_execute(Array)\n#1 /var/www/customer/Contribute/app/Contribute/ZendFramework-1.11.0-minimal/library/Zend/Db/Adapter/Abstract.php(479): Zend_Db_Statement->execute(Array)\n#2 /var/www/customer/Contribute/app/Contribute/ZendFramework-1.11.0-minimal/library/Zend/Db/Adapter/Pdo/Abstract.php(238): Zend_Db_Adapter_Abstract->query(\'INSERT INTO `in...\', Array)\n#3 /var/www/customer/Contribute/app/Contribute/ZendFramework-1.11.0-minimal/library/Zend/Db/Adapter/Abstract.php(574): Zend_Db_Adapter_Pdo_Abstract->query(\'INSERT INTO `in...\', Array)\n#4 /var/www/customer/Contribute/app/Classes/Domain/ActivityLog/ActivityLog','Controller_Crawler->crawl','2011-05-04 21:19:15','2011-05-04 21:19:16',1,'Crawler.php'),(4640,'finished','array (\n  0 => \'./Crawler.php\',\n  1 => \'crawl\',\n  \'settings\' => \'/var/www/customer/Configuration/Project/customer_devts.php\',\n)','Controller_Crawler->crawl','2011-05-04 21:20:11','2011-05-04 21:20:11',0,'Crawler.php'),(4642,'finished','array (\n  0 => \'./LinkAnalyser.php\',\n  1 => \'addUrl\',\n  \'url\' => \'http://www.customer.de\',\n  \'settings\' => \'/var/www/customer/Configuration/Project/customer_devts.php\',\n)','Controller_LinkAnalyser->addUrl','2011-05-04 21:20:16','2011-05-04 21:20:16',0,'LinkAnalyser.php'),(4644,'finished','array (\n  0 => \'./Crawler.php\',\n  1 => \'crawl\',\n  \'settings\' => \'/var/www/customer/Configuration/Project/customer_devts.php\',\n)..still entrys in queue','Controller_Crawler->crawl','2011-05-04 21:20:18','2011-05-04 21:20:20',2,'Crawler.php'),(4646,'finished','array (\n  0 => \'./app.php\',\n  1 => \'index\',\n  \'settings\' => \'/var/www/customer/Configuration/Project/customer_devts.php\',\n)','Controller_app->index','2011-05-04 21:20:28','2011-05-04 21:20:31',3,'app.php'),(4649,'finished','array (\n  0 => \'./LinkAnalyser.php\',\n  1 => \'processLinks\',\n  \'settings\' => \'/var/www/customer/Configuration/Project/customer_devts.php\',\n)Links to process left','Controller_LinkAnalyser->processLinks','2011-05-04 21:20:39','2011-05-04 21:20:46',7,'LinkAnalyser.php'),(4651,'finished','array (\n  0 => \'./app.php\',\n  1 => \'index\',\n  \'settings\' => \'/var/www/customer/Configuration/Project/customer_devts.php\',\n)','Controller_app->index','2011-05-04 21:21:23','2011-05-04 21:21:24',1,'app.php'),(4653,'finished','array (\n  0 => \'./Crawler.php\',\n  1 => \'crawl\',\n  \'settings\' => \'/var/www/customer/Configuration/Project/customer_devts.php\',\n)..still entrys in queue','Controller_Crawler->crawl','2011-05-04 21:21:27','2011-05-04 21:21:48',21,'Crawler.php'),(4657,'finished','array (\n  0 => \'./app.php\',\n  1 => \'index\',\n  \'settings\' => \'/var/www/customer/Configuration/Project/customer_devts.php\',\n)','Controller_app->index','2011-05-04 21:21:54','2011-05-04 21:22:50',56,'app.php');
/*!40000 ALTER TABLE `app_de_commandlog` ENABLE KEYS */;
UNLOCK TABLES;

--
-- Table structure for table `app_de_document`
--

DROP TABLE IF EXISTS `app_de_document`;
/*!40101 SET @saved_cs_client     = @@character_set_client */;
/*!40101 SET character_set_client = utf8 */;
CREATE TABLE `app_de_document` (
  `id` int(32) NOT NULL,
  `url` varchar(1000) COLLATE utf8_unicode_ci NOT NULL,
  `lastcrawling` timestamp NOT NULL DEFAULT CURRENT_TIMESTAMP,
  `content` varchar(1000) COLLATE utf8_unicode_ci DEFAULT NULL,
  `lastprocessing` timestamp NOT NULL DEFAULT '0000-00-00 00:00:00',
  `pagerank` float NOT NULL DEFAULT '1',
  `lastpreviewimagepath` varchar(255) COLLATE utf8_unicode_ci NOT NULL,
  `processingthreadid` int(32) NOT NULL DEFAULT '0',
  `processingstarttime` timestamp NULL DEFAULT NULL,
  `needprocessing` tinyint(1) NOT NULL,
  `mimetype` varchar(128) COLLATE utf8_unicode_ci NOT NULL,
  `error` int(1) NOT NULL DEFAULT '0',
  `contenthash` varchar(65) COLLATE utf8_unicode_ci NOT NULL,
  `isduplicateof` int(10) DEFAULT NULL,
  `isredirectto` int(10) DEFAULT NULL,
  `recrawltimespan` int(11) NOT NULL,
  `boostfactor` float NOT NULL DEFAULT '1',
  `noindex` tinyint(1) NOT NULL,
  `forceprominent` tinyint(1) NOT NULL,
  `linktext` mediumblob NOT NULL,
  `pagerankiteration` int(5) NOT NULL DEFAULT '0',
  `text` varchar(100) COLLATE utf8_unicode_ci DEFAULT NULL,
  `source` varchar(40) COLLATE utf8_unicode_ci NOT NULL,
  PRIMARY KEY (`id`),
  KEY `url` (`url`(120)),
  KEY `contenthash` (`contenthash`),
  KEY `indexingcriterion` (`processingthreadid`,`needprocessing`,`lastprocessing`),
  KEY `recrawlcriterion` (`lastcrawling`,`recrawltimespan`),
  KEY `pagerankiteration` (`pagerankiteration`)
) ENGINE=InnoDB DEFAULT CHARSET=utf8 COLLATE=utf8_unicode_ci;
/*!40101 SET character_set_client = @saved_cs_client */;

--
-- Dumping data for table `app_de_document`
--

LOCK TABLES `app_de_document` WRITE;
/*!40000 ALTER TABLE `app_de_document` DISABLE KEYS */;
INSERT INTO `app_de_document` VALUES (3,'http://www.customer.de/','2011-05-04 21:20:19',NULL,'2011-05-04 21:20:30',0,'',0,'2011-05-04 21:20:28',0,'text/html',0,'d7bdeb6723cd9ec79fbb1ee784f2b8c0-cccb392577540ab0ebdb02d2eb88803a',NULL,NULL,86400,1,0,0,'',0,NULL,''),(4,'http://www.customer.de/customer-dsads-2/','2011-05-04 21:21:28',NULL,'2011-05-04 21:21:57',0,'',0,'2011-05-04 21:21:55',0,'text/html',0,'d7bdeb6723cd9ec79fbb1ee784f2b8c0-f9e42fd8503daf7dbf8742c0bf941bd1',NULL,NULL,86400,1,0,0,'',0,NULL,''),(5,'http://www.customer.de/9cent/','2011-05-04 21:21:29',NULL,'2011-05-04 21:22:00',0,'',0,'2011-05-04 21:21:57',0,'text/html',0,'d7bdeb6723cd9ec79fbb1ee784f2b8c0-af1bdb9b6833eefd2b653ccf88d4bc8f',NULL,NULL,86400,1,0,0,'',0,NULL,''),(6,'http://www.customer.de/prepaid/karte/','2011-05-04 21:21:30',NULL,'2011-05-04 21:22:03',0,'',0,'2011-05-04 21:22:00',0,'text/html',0,'d7bdeb6723cd9ec79fbb1ee784f2b8c0-41cac77108f7d081ff4bf6849d7b3a9f',NULL,NULL,86400,1,0,0,'',0,NULL,''),(7,'http://www.customer.de/customer-shop/','2011-05-04 21:21:31',NULL,'2011-05-04 21:22:07',0,'',0,'2011-05-04 21:22:03',0,'text/html',0,'d7bdeb6723cd9ec79fbb1ee784f2b8c0-f53f563b34d07d49687c08626075a6f8',NULL,NULL,86400,1,0,0,'',0,NULL,''),(8,'http://www.customer-forum.de/','2011-05-04 21:21:32',NULL,'2011-05-04 21:22:13',0,'',0,'2011-05-04 21:22:07',0,'text/html',0,'0ea9785933ed9cb8229f4d38e0af1c89-1a992ae116034314db69804ffda96278',NULL,NULL,432000,1,0,0,'',0,NULL,''),(9,'http://www.customer.de/agb/','2011-05-04 21:21:34',NULL,'2011-05-04 21:22:16',0,'',0,'2011-05-04 21:22:14',0,'text/html',0,'d7bdeb6723cd9ec79fbb1ee784f2b8c0-f6c23a595003ce90c09841feb2179101',NULL,NULL,86400,1,0,0,'',0,NULL,''),(10,'http://www.customer.de/impressum/','2011-05-04 21:21:34',NULL,'2011-05-04 21:22:18',0,'',0,'2011-05-04 21:22:17',0,'text/html',0,'d7bdeb6723cd9ec79fbb1ee784f2b8c0-402d694e3df8a364c2dcf59dfe7d6fc8',NULL,NULL,86400,1,0,0,'',0,NULL,''),(11,'http://www.customer.de/datenschutz/','2011-05-04 21:21:35',NULL,'2011-05-04 21:22:21',0,'',0,'2011-05-04 21:22:18',0,'text/html',0,'d7bdeb6723cd9ec79fbb1ee784f2b8c0-4e3e2d27d9496aa2af4d1848f9341a5e',NULL,NULL,86400,1,0,0,'',0,NULL,''),(12,'http://www.customer.de/ueber-customer/','2011-05-04 21:21:38',NULL,'2011-05-04 21:22:24',0,'',0,'2011-05-04 21:22:22',0,'text/html',0,'d7bdeb6723cd9ec79fbb1ee784f2b8c0-f3dd7b73b91eb7f5f47340757ac56d56',NULL,NULL,86400,1,0,0,'',0,NULL,''),(13,'http://www.customer.de/newsletter/','2011-05-04 21:21:39',NULL,'2011-05-04 21:22:26',0,'',0,'2011-05-04 21:22:24',0,'text/html',0,'d7bdeb6723cd9ec79fbb1ee784f2b8c0-524d2b78315045d330caaf827611ee8c',NULL,NULL,86400,1,0,0,'',0,NULL,''),(14,'http://customer.custhelp.com/app/ask','2011-05-04 21:21:40',NULL,'2011-05-04 21:22:28',0,'',0,'2011-05-04 21:22:26',0,'text/html',0,'dc2bd5571d5ccb40ab713fd18763ccbf-df39b4ca252c814b977364f798fa3adf',NULL,NULL,432000,1,0,0,'',0,NULL,''),(15,'http://www.customer.de/prepaid/','2011-05-04 21:21:41',NULL,'2011-05-04 21:22:31',0,'',0,'2011-05-04 21:22:28',0,'text/html',0,'d7bdeb6723cd9ec79fbb1ee784f2b8c0-35fafba87260f631ed4c7df53af219bb',NULL,NULL,86400,1,0,0,'',0,NULL,''),(16,'http://www.customer.de/tarife/','2011-05-04 21:21:42',NULL,'2011-05-04 21:22:34',0,'',0,'2011-05-04 21:22:31',0,'text/html',0,'d7bdeb6723cd9ec79fbb1ee784f2b8c0-5aea89ee7c18461c395be916550d19e0',NULL,NULL,86400,1,0,0,'',0,NULL,''),(17,'http://www.customer.de/product-product/','2011-05-04 21:21:44',NULL,'2011-05-04 21:22:37',0,'',0,'2011-05-04 21:22:35',0,'text/html',0,'d7bdeb6723cd9ec79fbb1ee784f2b8c0-b8760b5311bfba8025826d6b3f8b18a1',NULL,NULL,86400,1,0,0,'',0,NULL,''),(18,'http://www.customer.de/hilfe-service/','2011-05-04 21:21:45',NULL,'2011-05-04 21:22:42',0,'',0,'2011-05-04 21:22:38',0,'text/html',0,'d7bdeb6723cd9ec79fbb1ee784f2b8c0-a01b8aa0a698b1ab7693362596aefa30',NULL,NULL,86400,1,0,0,'',0,NULL,''),(19,'http://www.customer.de/spielfeld/','2011-05-04 21:21:46',NULL,'2011-05-04 21:22:44',0,'',0,'2011-05-04 21:22:42',0,'text/html',0,'d7bdeb6723cd9ec79fbb1ee784f2b8c0-b81abf5879d60752199d026d83f1fa26',NULL,NULL,86400,1,0,0,'',0,NULL,''),(20,'http://www.customer.de/werben-und-verdienen/','2011-05-04 21:21:47',NULL,'2011-05-04 21:22:47',0,'',0,'2011-05-04 21:22:45',0,'text/html',0,'d7bdeb6723cd9ec79fbb1ee784f2b8c0-3575984ab5a77d524b25dcdb2f0207bd',NULL,NULL,86400,1,0,0,'',0,NULL,''),(21,'http://www.customer.de/presse/','2011-05-04 21:21:48',NULL,'2011-05-04 21:22:50',0,'',0,'2011-05-04 21:22:47',0,'text/html',0,'d7bdeb6723cd9ec79fbb1ee784f2b8c0-efa322404d81df70e7055ae8d244640c',NULL,NULL,86400,1,0,0,'',0,NULL,''),(22,'http://customer.custhelp.com/cgi-bin/customer.cfg/php/enduser/ask.php','2011-05-04 21:21:40',NULL,'2011-05-04 21:21:40',0,'',0,NULL,0,'text/html',0,'dc2bd5571d5ccb40ab713fd18763ccbf-d41d8cd98f00b204e9800998ecf8427e',NULL,14,432000,1,0,0,'',0,NULL,'');
/*!40000 ALTER TABLE `app_de_document` ENABLE KEYS */;
UNLOCK TABLES;

--
-- Table structure for table `app_de_documentlink`
--

DROP TABLE IF EXISTS `app_de_documentlink`;
/*!40101 SET @saved_cs_client     = @@character_set_client */;
/*!40101 SET character_set_client = utf8 */;
CREATE 	TABLE `app_de_documentlink` (
  `documentid` int(20) NOT NULL,
  `baseurl` varchar(1000) COLLATE utf8_unicode_ci NOT NULL,
  `linktarget` varchar(1000) COLLATE utf8_unicode_ci NOT NULL,
  `linktext` varchar(255) COLLATE utf8_unicode_ci NOT NULL,
  `processingthreadid` int(32) NOT NULL,
  `processingstarttime` timestamp NOT NULL DEFAULT CURRENT_TIMESTAMP ON UPDATE CURRENT_TIMESTAMP,
  `relationtype` smallint(5) NOT NULL,
  KEY `processingthreadid` (`processingthreadid`),
  KEY `documentid` (`documentid`)
) ENGINE=InnoDB DEFAULT CHARSET=utf8 COLLATE=utf8_unicode_ci;
/*!40101 SET character_set_client = @saved_cs_client */;

--
-- Dumping data for table `app_de_documentlink`
--

LOCK TABLES `app_de_documentlink` WRITE;
/*!40000 ALTER TABLE `app_de_documentlink` DISABLE KEYS */;
INSERT INTO `app_de_documentlink` VALUES (4,'http://www.customer.de/','http://foobar/','Ihre Kontaktdaten ',0,'2011-05-04 21:21:55',0),(4,'http://www.customer.de/','customer-dsads-2/?type=28042009&mockproductswitch%5Bmvcinstance%5D=&mockproductswitch%5Baction%5D=getAdressAjax','customer dsads 2 ',0,'2011-05-04 21:21:55',0),(4,'http://www.customer.de/','customer-dsads-2/#','weiter ',0,'2011-05-04 21:21:55',0),(4,'http://www.customer.de/','customer-dsads-2/product/-/setConfiguration/-/1216/-/-/-/-/-/-/2239/-/editing/?mockbasket%5Bproduct%5D=142&mockbasket%5Boptions%5D%5B0%5D=1216&mockbasket%5Bcompanion%5D%5B0%5D=2239&mockbasket%5Beditmode%5D=1&mockbasket%5Baction%5D=add&cHash=4563bf0ee2fbe2a3c93ec755adcea0de','weiter ',0,'2011-05-04 21:21:55',0),(4,'http://www.customer.de/','customer-dsads-2/product/-/setConfigurationAjax/-/1216/-/-/-/-/-/-/2239/-/editing/-/114/product.json?mockbasket%5Bproduct%5D=142&mockbasket%5Boptions%5D%5B0%5D=1216&mockbasket%5Bcompanion%5D%5B0%5D=2239&mockbasket%5Beditmode%5D=1&mockbasket%5Baction%5D=add&cHash=30a6eee6e20f5b89032fef3578c186b6','customer dsads 2 ',0,'2011-05-04 21:21:55',0),(4,'http://www.customer.de/','https://www.customer.de/bestellen/?mockbasket%5Bproduct%5D=142&mockbasket%5Boptions%5D%5B0%5D=1216&mockbasket%5Bcompanion%5D%5B0%5D=2239&mockbasket%5Baction%5D=add','jetzt bestellen ',0,'2011-05-04 21:21:55',0),(4,'http://www.customer.de/','agb/','AGB ',0,'2011-05-04 21:21:55',0),(4,'http://www.customer.de/','impressum/','Impressum ',0,'2011-05-04 21:21:56',0),(4,'http://www.customer.de/','datenschutz/','Datenschutz ',0,'2011-05-04 21:21:56',0),(4,'http://www.customer.de/','ueber-customer/','ber customer ',0,'2011-05-04 21:21:56',0),(4,'http://www.customer.de/','newsletter/','Newsletter ',0,'2011-05-04 21:21:56',0),(4,'http://www.customer.de/','http://customer.custhelp.com/cgi-bin/customer.cfg/php/enduser/ask.php','Kontakt ',0,'2011-05-04 21:21:56',0),(4,'http://www.customer.de/','https://www.customer.de/meincustomer/passwort-vergessen/','Passwort vergessen? ',0,'2011-05-04 21:21:56',0),(4,'http://www.customer.de/','https://www.customer.de/meincustomer/','meincustomer logIn ',0,'2011-05-04 21:21:56',0),(4,'http://www.customer.de/','prepaid/','Prepaid ',0,'2011-05-04 21:21:56',0),(4,'http://www.customer.de/','tarife/','Tarife ',0,'2011-05-04 21:21:56',0),(4,'http://www.customer.de/','handys/','Handys ',0,'2011-05-04 21:21:56',0),(4,'http://www.customer.de/','product-product/','product & product ',0,'2011-05-04 21:21:56',0),(4,'http://www.customer.de/','hilfe-service/','Hilfe & Service ',0,'2011-05-04 21:21:56',0),(4,'http://www.customer.de/','spielfeld/','Spielfeld ',0,'2011-05-04 21:21:56',0),(4,'http://www.customer.de/','werben-und-verdienen/','Werben & Verdienen ',0,'2011-05-04 21:21:56',0),(4,'http://www.customer.de/','presse/','Presse ',0,'2011-05-04 21:21:56',0),(4,'http://www.customer.de/','customer-dsads-1/','customer dsads 1 ',0,'2011-05-04 21:21:56',0),(4,'http://www.customer.de/','customer-dsads-2/','customer dsads 2 ',0,'2011-05-04 21:21:56',0),(4,'http://www.customer.de/','zusatzoptionen/','Zusatzoptionen ',0,'2011-05-04 21:21:56',0),(5,'http://www.customer.de/','http://145.253.131.194:49202/click2call/c2c_customer.callback','Ihre Kontaktdaten ',0,'2011-05-04 21:21:57',0),(5,'http://www.customer.de/','9cent/','customer 9 Cent Tarif ',0,'2011-05-04 21:21:58',0),(5,'http://www.customer.de/','kombiflat/','customer Kombi Flat ',0,'2011-05-04 21:21:58',0),(5,'http://www.customer.de/','fullflat/','customer Full Flat ',0,'2011-05-04 21:21:58',0),(5,'http://www.customer.de/','surf-flat-1/','customer Surf Flat 1 ',0,'2011-05-04 21:21:58',0),(5,'http://www.customer.de/','surf-flat-2/','customer Surf Flat 2 ',0,'2011-05-04 21:21:58',0),(5,'http://www.customer.de/','customer-9-cent-tarif/tarifinfos_183/','Tarifinfo ',0,'2011-05-04 21:21:58',0),(5,'http://www.customer.de/','9cent/postpaid/-/main/-/1/-/2237/','\n			customer Surf Flat Option			 + 7,90/mtl. \n			 \n		 ',0,'2011-05-04 21:21:58',0),(5,'http://www.customer.de/','9cent/postpaid/-/updateConfigurationAjax/-/1/-/2237/-/-/-/14/postpaid.json','customer 9 Cent Tarif ',0,'2011-05-04 21:21:58',0),(5,'http://www.customer.de/','9cent/postpaid/-/main/1/1/','\n			 24  Monate Laufzeit\n			 \n		 ',0,'2011-05-04 21:21:58',0),(5,'http://www.customer.de/','9cent/postpaid/-/updateConfigurationAjax/1/1/-/-/-/-/-/14/postpaid.json','customer 9 Cent Tarif ',0,'2011-05-04 21:21:58',0),(5,'http://www.customer.de/','9cent/postpaid/-/main/0/1/','\n			 0  Monate Laufzeit\n			 \n		 ',0,'2011-05-04 21:21:58',0),(5,'http://www.customer.de/','9cent/postpaid/-/updateConfigurationAjax/0/1/-/-/-/-/-/14/postpaid.json','customer 9 Cent Tarif ',0,'2011-05-04 21:21:58',0),(5,'http://www.customer.de/','9cent/postpaid/-/main/-/1/','\n			 Tarif  mit Handy\n			 \n		 ',0,'2011-05-04 21:21:58',0),(5,'http://www.customer.de/','9cent/postpaid/-/updateConfigurationAjax/-/1/-/-/-/-/-/14/postpaid.json','customer 9 Cent Tarif ',0,'2011-05-04 21:21:58',0),(5,'http://www.customer.de/','9cent/postpaid/-/main/-/0/','\n			 Tarif  ohne Handy\n			 \n		 ',0,'2011-05-04 21:21:58',0),(5,'http://www.customer.de/','9cent/postpaid/-/updateConfigurationAjax/-/0/-/-/-/-/-/14/postpaid.json','customer 9 Cent Tarif ',0,'2011-05-04 21:21:58',0),(5,'http://www.customer.de/','9cent/postpaid/-/setConfiguration/-/1/-/-/-/-/-/editing/?mockbasket%5Bproduct%5D=111&mockbasket%5Beditmode%5D=1&mockbasket%5Baction%5D=add&cHash=28a8f51728e1cd20fd155d35958b58a0','weiter ',0,'2011-05-04 21:21:58',0),(5,'http://www.customer.de/','9cent/postpaid/-/setConfigurationAjax/-/1/-/-/-/-/-/editing/14/postpaid.json?mockbasket%5Bproduct%5D=111&mockbasket%5Beditmode%5D=1&mockbasket%5Baction%5D=add&cHash=935753b3bc0cf09a3d90e26fa1116f66','customer 9 Cent Tarif ',0,'2011-05-04 21:21:58',0),(5,'http://www.customer.de/','9cent/postpaid/-/getCompanionProductsAjax/-/1/-/-/-/-/-/editing/14/postpaid.json','customer 9 Cent Tarif ',0,'2011-05-04 21:21:59',0),(5,'http://www.customer.de/','9cent/postpaid/-/showMobilePhoneProductList/-/1/-/-/-/-/-/editing/','alle Handys zeigen ',0,'2011-05-04 21:21:59',0),(5,'http://www.customer.de/','agb/','AGB ',0,'2011-05-04 21:21:59',0),(5,'http://www.customer.de/','impressum/','Impressum ',0,'2011-05-04 21:21:59',0),(5,'http://www.customer.de/','datenschutz/','Datenschutz ',0,'2011-05-04 21:21:59',0),(5,'http://www.customer.de/','ueber-customer/','ber customer ',0,'2011-05-04 21:21:59',0),(5,'http://www.customer.de/','newsletter/','Newsletter ',0,'2011-05-04 21:21:59',0),(5,'http://www.customer.de/','http://customer.custhelp.com/cgi-bin/customer.cfg/php/enduser/ask.php','Kontakt ',0,'2011-05-04 21:21:59',0),(5,'http://www.customer.de/','https://www.customer.de/meincustomer/passwort-vergessen/','Passwort vergessen? ',0,'2011-05-04 21:21:59',0),(5,'http://www.customer.de/','https://www.customer.de/meincustomer/','meincustomer logIn ',0,'2011-05-04 21:21:59',0),(5,'http://www.customer.de/','prepaid/','Prepaid ',0,'2011-05-04 21:21:59',0),(5,'http://www.customer.de/','tarife/','Tarife ',0,'2011-05-04 21:21:59',0),(5,'http://www.customer.de/','handys/','Handys ',0,'2011-05-04 21:21:59',0),(5,'http://www.customer.de/','product-product/','product & product ',0,'2011-05-04 21:21:59',0),(5,'http://www.customer.de/','hilfe-service/','Hilfe & Service ',0,'2011-05-04 21:21:59',0),(5,'http://www.customer.de/','spielfeld/','Spielfeld ',0,'2011-05-04 21:21:59',0),(5,'http://www.customer.de/','werben-und-verdienen/','Werben & Verdienen ',0,'2011-05-04 21:21:59',0),(5,'http://www.customer.de/','presse/','Presse ',0,'2011-05-04 21:21:59',0),(5,'http://www.customer.de/','9cent/','customer 9 Cent Tarif ',0,'2011-05-04 21:21:59',0),(5,'http://www.customer.de/','kombiflat/','customer Kombi Flat ',0,'2011-05-04 21:21:59',0),(5,'http://www.customer.de/','fullflat/','customer Full Flat ',0,'2011-05-04 21:21:59',0),(5,'http://www.customer.de/','surf-flat-1/','customer Surf Flat 1 ',0,'2011-05-04 21:22:00',0),(5,'http://www.customer.de/','surf-flat-2/','customer Surf Flat 2 ',0,'2011-05-04 21:22:00',0),(5,'http://www.customer.de/','tarifberater/','Tarifberater ',0,'2011-05-04 21:22:00',0),(6,'http://www.customer.de/','prepaid/karte/video-tutorial/','',0,'2011-05-04 21:22:01',0),(6,'http://www.customer.de/','prepaid/karte/video-tutorial/','Video ansehen ',0,'2011-05-04 21:22:01',0),(6,'http://www.customer.de/','http://145.253.131.194:49202/click2call/c2c_customer.callback','Ihre Kontaktdaten ',0,'2011-05-04 21:22:01',0),(6,'http://www.customer.de/','prepaid/karte#','ausblenden ',0,'2011-05-04 21:22:01',0),(6,'http://www.customer.de/','http://aufladefinder.customer.de/','50.000 Aufladestationen ',0,'2011-05-04 21:22:01',0),(6,'http://www.customer.de/','http://aufladefinder.customer.de/','ber 50.000 Ladestationen  (Aufladestationen) ',0,'2011-05-04 21:22:01',0),(6,'http://www.customer.de/','http://prepaidhandy.customer.de/','Jetzt auch im Pack mit attraktiven Handys  ab 29,95  ',0,'2011-05-04 21:22:01',0),(6,'http://www.customer.de/','prepaid/tarifinfos/','Tarifinfo ',0,'2011-05-04 21:22:01',0),(6,'http://www.customer.de/','https://www.customer.de/bestellen/?mockbasket%5Bproduct%5D=101&mockbasket%5Boptions%5D%5B0%5D=&mockbasket%5Bcompanion%5D%5B0%5D=&mockbasket%5Baction%5D=add','',0,'2011-05-04 21:22:01',0),(6,'http://www.customer.de/','prepaid/karte/prepaid/main/2238/','\n			customer Prepaid Surf Flat Option			 + 9,99 27 /30 Tage \n			 \n		 ',0,'2011-05-04 21:22:01',0),(6,'http://www.customer.de/','prepaid/karte/prepaid/updateConfigurationAjax/2238/-/-/-/-/-/-/64347/prepaid.json','customer Prepaid ',0,'2011-05-04 21:22:01',0),(6,'http://www.customer.de/','https://www.customer.de/bestellen/?mockbasket%5Bproduct%5D=101&mockbasket%5Baction%5D=add','jetzt bestellen ',0,'2011-05-04 21:22:01',0),(6,'http://www.customer.de/','agb/','AGB ',0,'2011-05-04 21:22:02',0),(6,'http://www.customer.de/','impressum/','Impressum ',0,'2011-05-04 21:22:02',0),(6,'http://www.customer.de/','datenschutz/','Datenschutz ',0,'2011-05-04 21:22:02',0),(6,'http://www.customer.de/','ueber-customer/','ber customer ',0,'2011-05-04 21:22:02',0),(6,'http://www.customer.de/','newsletter/','Newsletter ',0,'2011-05-04 21:22:02',0),(6,'http://www.customer.de/','http://customer.custhelp.com/cgi-bin/customer.cfg/php/enduser/ask.php','Kontakt ',0,'2011-05-04 21:22:02',0),(6,'http://www.customer.de/','https://www.customer.de/meincustomer/passwort-vergessen/','Passwort vergessen? ',0,'2011-05-04 21:22:02',0),(6,'http://www.customer.de/','https://www.customer.de/meincustomer/','meincustomer logIn ',0,'2011-05-04 21:22:02',0),(6,'http://www.customer.de/','prepaid/','Prepaid ',0,'2011-05-04 21:22:02',0),(6,'http://www.customer.de/','tarife/','Tarife ',0,'2011-05-04 21:22:02',0),(6,'http://www.customer.de/','handys/','Handys ',0,'2011-05-04 21:22:02',0),(6,'http://www.customer.de/','product-product/','product & product ',0,'2011-05-04 21:22:02',0),(6,'http://www.customer.de/','hilfe-service/','Hilfe & Service ',0,'2011-05-04 21:22:02',0),(6,'http://www.customer.de/','spielfeld/','Spielfeld ',0,'2011-05-04 21:22:02',0),(6,'http://www.customer.de/','werben-und-verdienen/','Werben & Verdienen ',0,'2011-05-04 21:22:02',0),(6,'http://www.customer.de/','presse/','Presse ',0,'2011-05-04 21:22:02',0),(6,'http://www.customer.de/','prepaid/karte/','customer Prepaid ',0,'2011-05-04 21:22:02',0),(6,'http://www.customer.de/','prepaid/customer-prepaid-internet-stick/','customer Prepaid Internet-Stick ',0,'2011-05-04 21:22:02',0),(6,'http://www.customer.de/','prepaid/tarifoptionen/','Tarifoptionen ',0,'2011-05-04 21:22:02',0),(6,'http://www.customer.de/','prepaid/tarifinfos/','Tarifinformationen ',0,'2011-05-04 21:22:02',0),(6,'http://www.customer.de/','https://www.customer.de/freischalten/','Freischalten ',0,'2011-05-04 21:22:02',0),(6,'http://www.customer.de/','aufladen/','Aufladen ',0,'2011-05-04 21:22:03',0),(6,'http://www.customer.de/','prepaid/rufnummer-mitnehmen/','Rufnummer mitnehmen ',0,'2011-05-04 21:22:03',0),(7,'http://www.customer.de/','koerbe-fuer-koeln/','Krbe fr Kln e.V. ',0,'2011-05-04 21:22:04',0),(7,'http://www.customer.de/','agb/','AGB ',0,'2011-05-04 21:22:04',0),(7,'http://www.customer.de/','impressum/','Impressum ',0,'2011-05-04 21:22:04',0),(7,'http://www.customer.de/','datenschutz/','Datenschutz ',0,'2011-05-04 21:22:04',0),(7,'http://www.customer.de/','ueber-customer/','ber customer ',0,'2011-05-04 21:22:04',0),(7,'http://www.customer.de/','newsletter/','Newsletter ',0,'2011-05-04 21:22:04',0),(7,'http://www.customer.de/','http://customer.custhelp.com/cgi-bin/customer.cfg/php/enduser/ask.php','Kontakt ',0,'2011-05-04 21:22:04',0),(7,'http://www.customer.de/','https://www.customer.de/meincustomer/passwort-vergessen/','Passwort vergessen? ',0,'2011-05-04 21:22:04',0),(7,'http://www.customer.de/','https://www.customer.de/meincustomer/','meincustomer logIn ',0,'2011-05-04 21:22:06',0),(7,'http://www.customer.de/','prepaid/','Prepaid ',0,'2011-05-04 21:22:06',0),(7,'http://www.customer.de/','tarife/','Tarife ',0,'2011-05-04 21:22:06',0),(7,'http://www.customer.de/','handys/','Handys ',0,'2011-05-04 21:22:06',0),(7,'http://www.customer.de/','product-product/','product & product ',0,'2011-05-04 21:22:06',0),(7,'http://www.customer.de/','hilfe-service/','Hilfe & Service ',0,'2011-05-04 21:22:06',0),(7,'http://www.customer.de/','spielfeld/','Spielfeld ',0,'2011-05-04 21:22:06',0),(7,'http://www.customer.de/','werben-und-verdienen/','Werben & Verdienen ',0,'2011-05-04 21:22:07',0),(7,'http://www.customer.de/','presse/','Presse ',0,'2011-05-04 21:22:07',0),(7,'http://www.customer.de/','customer-shop/','customer Shop ',0,'2011-05-04 21:22:07',0),(7,'http://www.customer.de/','jobs/','Karriere & Jobs ',0,'2011-05-04 21:22:07',0),(8,'http://www.customer-forum.de/','http://www.customer-forum.de/index.php?form=LostPassword','Passwort vergessen ',0,'2011-05-04 21:22:09',0),(8,'http://www.customer-forum.de/','http://www.customer-forum.de/index.php?form=Search&action=unread&s=8705bcfb405605bf32a1e1143f4295d0c01f5fb6','Ungelesene Beitrge ',0,'2011-05-04 21:22:09',0),(8,'http://www.customer-forum.de/','http://www.customer-forum.de/index.php?form=Search&action=unreplied&s=8705bcfb405605bf32a1e1143f4295d0c01f5fb6','Unbeantwortete Themen ',0,'2011-05-04 21:22:09',0),(8,'http://www.customer-forum.de/','http://www.customer-forum.de/index.php?form=Search&action=24h&s=8705bcfb405605bf32a1e1143f4295d0c01f5fb6','Themen der letzten 24 Stunden ',0,'2011-05-04 21:22:09',0),(8,'http://www.customer-forum.de/','http://www.customer-forum.de/index.php?form=Search&s=8705bcfb405605bf32a1e1143f4295d0c01f5fb6','Erweiterte Suche ',0,'2011-05-04 21:22:09',0),(8,'http://www.customer-forum.de/','http://www.customer-forum.de/index.php?form=Search&s=8705bcfb405605bf32a1e1143f4295d0c01f5fb6','Erweiterte Suche ',0,'2011-05-04 21:22:09',0),(8,'http://www.customer-forum.de/','http://www.customer-forum.de/customer-support-forum.html?s=8705bcfb405605bf32a1e1143f4295d0c01f5fb6','customer Support Forum ',0,'2011-05-04 21:22:09',0),(8,'http://www.customer-forum.de/','http://www.customer.de','',0,'2011-05-04 21:22:09',0),(8,'http://www.customer-forum.de/','http://www.customer-forum.de/customer-support-forum.html?s=8705bcfb405605bf32a1e1143f4295d0c01f5fb6',' Forum ',0,'2011-05-04 21:22:09',0),(8,'http://www.customer-forum.de/','http://www.customer-forum.de/index.php?page=MembersList&s=8705bcfb405605bf32a1e1143f4295d0c01f5fb6',' Mitglieder ',0,'2011-05-04 21:22:09',0),(8,'http://www.customer-forum.de/','http://www.customer-forum.de/index.php?page=Help&s=8705bcfb405605bf32a1e1143f4295d0c01f5fb6',' Hilfe ',0,'2011-05-04 21:22:09',0),(8,'http://www.customer-forum.de/','http://www.customer-forum.de/index.php?page=LegalNotice&s=8705bcfb405605bf32a1e1143f4295d0c01f5fb6',' Nutzungsbedingungen ',0,'2011-05-04 21:22:09',0),(8,'http://www.customer-forum.de/','http://www.customer-forum.de/index.php?form=Search&s=8705bcfb405605bf32a1e1143f4295d0c01f5fb6',' Suche ',0,'2011-05-04 21:22:09',0),(8,'http://www.customer-forum.de/','http://www.customer-forum.de/index.php?page=Register&s=8705bcfb405605bf32a1e1143f4295d0c01f5fb6',' Registrieren ',0,'2011-05-04 21:22:09',0),(8,'http://www.customer-forum.de/','http://www.twitter.com/customer','',0,'2011-05-04 21:22:09',0),(8,'http://www.customer-forum.de/','http://www.customer-forum.de/index.php?form=Search','finden ',0,'2011-05-04 21:22:09',0),(8,'http://www.customer-forum.de/','http://www.customer-forum.de/index.php?page=Register&s=8705bcfb405605bf32a1e1143f4295d0c01f5fb6','registriert ',0,'2011-05-04 21:22:09',0),(8,'http://www.customer-forum.de/','http://www.customer-forum.de/customer-support-forum.html?s=8705bcfb405605bf32a1e1143f4295d0c01f5fb6&hideBoard=1&s=8705bcfb405605bf32a1e1143f4295d0c01f5fb6#boardLink1','',0,'2011-05-04 21:22:10',0),(8,'http://www.customer-forum.de/','http://www.customer-forum.de/customer-allgemein/board6-news-und-infos/?s=8705bcfb405605bf32a1e1143f4295d0c01f5fb6','News und Infos  (4) ',0,'2011-05-04 21:22:10',0),(8,'http://www.customer-forum.de/','http://www.customer-forum.de/customer-allgemein/news-und-infos/16498-meincustomer-anmeldung/first-new-post.html?s=8705bcfb405605bf32a1e1143f4295d0c01f5fb6','',0,'2011-05-04 21:22:10',0),(8,'http://www.customer-forum.de/','http://www.customer-forum.de/customer-allgemein/news-und-infos/16498-meincustomer-anmeldung/first-new-post.html?s=8705bcfb405605bf32a1e1143f4295d0c01f5fb6','meincustomer anmeldung ',0,'2011-05-04 21:22:10',0),(8,'http://www.customer-forum.de/','http://www.customer-forum.de/index.php?page=User&userID=22910&s=8705bcfb405605bf32a1e1143f4295d0c01f5fb6','congwil67 ',0,'2011-05-04 21:22:10',0),(8,'http://www.customer-forum.de/','http://www.customer-forum.de/customer-allgemein/board17-allgemeine-fragen-zu-customer/?s=8705bcfb405605bf32a1e1143f4295d0c01f5fb6','Allgemeine Fragen zu customer  (17) ',0,'2011-05-04 21:22:10',0),(8,'http://www.customer-forum.de/','http://www.customer-forum.de/customer-allgemein/allgemeine-fragen-zu-customer/16484-handy-und-sim-karte-wird-getrennt-geliefert/first-new-post.html?s=8705bcfb405605bf32a1e1143f4295d0c01f5fb6','',0,'2011-05-04 21:22:10',0),(8,'http://www.customer-forum.de/','http://www.customer-forum.de/customer-allgemein/allgemeine-fragen-zu-customer/16484-handy-und-sim-karte-wird-getrennt-geliefert/first-new-post.html?s=8705bcfb405605bf32a1e1143f4295d0c01f5fb6','Handy und SIM KArte - wird getrennt geliefert ? ',0,'2011-05-04 21:22:10',0),(8,'http://www.customer-forum.de/','http://www.customer-forum.de/index.php?page=User&userID=22808&s=8705bcfb405605bf32a1e1143f4295d0c01f5fb6','AgendD ',0,'2011-05-04 21:22:10',0),(8,'http://www.customer-forum.de/','http://www.customer-forum.de/customer-support-forum.html?s=8705bcfb405605bf32a1e1143f4295d0c01f5fb6&hideBoard=2&s=8705bcfb405605bf32a1e1143f4295d0c01f5fb6#boardLink4','',0,'2011-05-04 21:22:10',0),(8,'http://www.customer-forum.de/','http://www.customer-forum.de/mobilfunk/board8-prepaid-mobiles-telefonieren/?s=8705bcfb405605bf32a1e1143f4295d0c01f5fb6','Prepaid - Mobiles Telefonieren  (34) ',0,'2011-05-04 21:22:10',0),(8,'http://www.customer-forum.de/','http://www.customer-forum.de/mobilfunk/prepaid-mobiles-telefonieren/16432-keine-freischaltung-karte-daten-ungltig/first-new-post.html?s=8705bcfb405605bf32a1e1143f4295d0c01f5fb6','',0,'2011-05-04 21:22:10',0),(8,'http://www.customer-forum.de/','http://www.customer-forum.de/mobilfunk/prepaid-mobiles-telefonieren/16432-keine-freischaltung-karte-daten-ungltig/first-new-post.html?s=8705bcfb405605bf32a1e1143f4295d0c01f5fb6','keine Freischaltung Karte - Daten ungltig ',0,'2011-05-04 21:22:10',0),(8,'http://www.customer-forum.de/','http://www.customer-forum.de/index.php?page=User&userID=5966&s=8705bcfb405605bf32a1e1143f4295d0c01f5fb6','Picea Abies ',0,'2011-05-04 21:22:10',0),(8,'http://www.customer-forum.de/','http://www.customer-forum.de/mobilfunk/prepaid-mobiles-telefonieren/board29-archiv-prepaid-mobiles-telefonieren/?s=8705bcfb405605bf32a1e1143f4295d0c01f5fb6','Archiv: Prepaid - Mobiles Telefonieren ',0,'2011-05-04 21:22:10',0),(8,'http://www.customer-forum.de/','http://www.customer-forum.de/mobilfunk/board38-prepaid-mobiles-surfen/?s=8705bcfb405605bf32a1e1143f4295d0c01f5fb6','Prepaid - Mobiles Surfen  (10) ',0,'2011-05-04 21:22:10',0),(8,'http://www.customer-forum.de/','http://www.customer-forum.de/mobilfunk/prepaid-mobiles-surfen/16393-prepaid-und-handyflat/first-new-post.html?s=8705bcfb405605bf32a1e1143f4295d0c01f5fb6','',0,'2011-05-04 21:22:10',0),(8,'http://www.customer-forum.de/','http://www.customer-forum.de/mobilfunk/prepaid-mobiles-surfen/16393-prepaid-und-handyflat/first-new-post.html?s=8705bcfb405605bf32a1e1143f4295d0c01f5fb6','Prepaid und Handyflat ',0,'2011-05-04 21:22:10',0),(8,'http://www.customer-forum.de/','http://www.customer-forum.de/index.php?page=User&userID=22808&s=8705bcfb405605bf32a1e1143f4295d0c01f5fb6','AgendD ',0,'2011-05-04 21:22:11',0),(8,'http://www.customer-forum.de/','http://www.customer-forum.de/index.php?page=User&userID=22878&s=8705bcfb405605bf32a1e1143f4295d0c01f5fb6','RB2011 ',0,'2011-05-04 21:22:11',0),(8,'http://www.customer-forum.de/','http://www.customer-forum.de/mobilfunk/board9-postpaid/?s=8705bcfb405605bf32a1e1143f4295d0c01f5fb6','Postpaid  (13) ',0,'2011-05-04 21:22:11',0),(8,'http://www.customer-forum.de/','http://www.customer-forum.de/mobilfunk/postpaid/16347-rufnummernmitnahme-nicht-vollstndig/first-new-post.html?s=8705bcfb405605bf32a1e1143f4295d0c01f5fb6','',0,'2011-05-04 21:22:11',0),(8,'http://www.customer-forum.de/','http://www.customer-forum.de/mobilfunk/postpaid/16347-rufnummernmitnahme-nicht-vollstndig/first-new-post.html?s=8705bcfb405605bf32a1e1143f4295d0c01f5fb6','Rufnummernmitnahme nicht vollstndig ',0,'2011-05-04 21:22:11',0),(8,'http://www.customer-forum.de/','http://www.customer-forum.de/index.php?page=User&userID=10524&s=8705bcfb405605bf32a1e1143f4295d0c01f5fb6','Fidibus ',0,'2011-05-04 21:22:11',0),(8,'http://www.customer-forum.de/','http://www.customer-forum.de/mobilfunk/postpaid/board30-archiv-postpaid/?s=8705bcfb405605bf32a1e1143f4295d0c01f5fb6','Archiv: Postpaid ',0,'2011-05-04 21:22:11',0),(8,'http://www.customer-forum.de/','http://www.customer-forum.de/customer-support-forum.html?s=8705bcfb405605bf32a1e1143f4295d0c01f5fb6&hideBoard=3&s=8705bcfb405605bf32a1e1143f4295d0c01f5fb6#boardLink12','',0,'2011-05-04 21:22:11',0),(8,'http://www.customer-forum.de/','http://www.customer-forum.de/product-tarif/board10-internet/?s=8705bcfb405605bf32a1e1143f4295d0c01f5fb6','Internet  (5) ',0,'2011-05-04 21:22:11',0),(8,'http://www.customer-forum.de/','http://www.customer-forum.de/product-tarif/internet/16369-seit-gestern-kein-product-signal-mehr/first-new-post.html?s=8705bcfb405605bf32a1e1143f4295d0c01f5fb6','',0,'2011-05-04 21:22:11',0),(8,'http://www.customer-forum.de/','http://www.customer-forum.de/product-tarif/internet/16369-seit-gestern-kein-product-signal-mehr/first-new-post.html?s=8705bcfb405605bf32a1e1143f4295d0c01f5fb6','Seit gestern kein product-Signal mehr. ',0,'2011-05-04 21:22:11',0),(8,'http://www.customer-forum.de/','http://www.customer-forum.de/index.php?page=User&userID=17312&s=8705bcfb405605bf32a1e1143f4295d0c01f5fb6','G.W. ',0,'2011-05-04 21:22:11',0),(8,'http://www.customer-forum.de/','http://www.customer-forum.de/product-tarif/internet/board32-archiv-internet/?s=8705bcfb405605bf32a1e1143f4295d0c01f5fb6','Archiv: Internet ',0,'2011-05-04 21:22:11',0),(8,'http://www.customer-forum.de/','http://www.customer-forum.de/product-tarif/board11-telefonie/?s=8705bcfb405605bf32a1e1143f4295d0c01f5fb6','Telefonie  (8) ',0,'2011-05-04 21:22:11',0),(8,'http://www.customer-forum.de/','http://www.customer-forum.de/product-tarif/telefonie/16497-voip-will-einfach-nicht-fritz-box-7170/first-new-post.html?s=8705bcfb405605bf32a1e1143f4295d0c01f5fb6','',0,'2011-05-04 21:22:11',0),(8,'http://www.customer-forum.de/','http://www.customer-forum.de/product-tarif/telefonie/16497-voip-will-einfach-nicht-fritz-box-7170/first-new-post.html?s=8705bcfb405605bf32a1e1143f4295d0c01f5fb6','voip will einfach nicht (fritz-box 7170) ',0,'2011-05-04 21:22:11',0),(8,'http://www.customer-forum.de/','http://www.customer-forum.de/index.php?page=User&userID=5334&s=8705bcfb405605bf32a1e1143f4295d0c01f5fb6','zerlett_007 ',0,'2011-05-04 21:22:11',0),(8,'http://www.customer-forum.de/','http://www.customer-forum.de/product-tarif/telefonie/board33-archiv-telefonie/?s=8705bcfb405605bf32a1e1143f4295d0c01f5fb6','Archiv: Telefonie ',0,'2011-05-04 21:22:11',0),(8,'http://www.customer-forum.de/','http://www.customer-forum.de/customer-support-forum.html?s=8705bcfb405605bf32a1e1143f4295d0c01f5fb6&hideBoard=4&s=8705bcfb405605bf32a1e1143f4295d0c01f5fb6#boardLink19','',0,'2011-05-04 21:22:11',0),(8,'http://www.customer-forum.de/','http://www.customer-forum.de/router-handys/board12-router/?s=8705bcfb405605bf32a1e1143f4295d0c01f5fb6','Router  (8) ',0,'2011-05-04 21:22:11',0),(8,'http://www.customer-forum.de/','http://www.customer-forum.de/router-handys/router/16486-router-benutzerdateneingabe-geht-nicht-trotzdem-online/first-new-post.html?s=8705bcfb405605bf32a1e1143f4295d0c01f5fb6','',0,'2011-05-04 21:22:11',0),(8,'http://www.customer-forum.de/','http://www.customer-forum.de/router-handys/router/16486-router-benutzerdateneingabe-geht-nicht-trotzdem-online/first-new-post.html?s=8705bcfb405605bf32a1e1143f4295d0c01f5fb6','Router Benutzerdateneingabe geht nicht, trotzdem Online ',0,'2011-05-04 21:22:12',0),(8,'http://www.customer-forum.de/','http://www.customer-forum.de/index.php?page=User&userID=22892&s=8705bcfb405605bf32a1e1143f4295d0c01f5fb6','aLexMao ',0,'2011-05-04 21:22:12',0),(8,'http://www.customer-forum.de/','http://www.customer-forum.de/router-handys/router/board34-archiv-router/?s=8705bcfb405605bf32a1e1143f4295d0c01f5fb6','Archiv: Router ',0,'2011-05-04 21:22:12',0),(8,'http://www.customer-forum.de/','http://www.customer-forum.de/router-handys/board13-handys/?s=8705bcfb405605bf32a1e1143f4295d0c01f5fb6','Handys  (6) ',0,'2011-05-04 21:22:12',0),(8,'http://www.customer-forum.de/','http://www.customer-forum.de/router-handys/handys/16431-was-ist-mit-meinem-bestelltem-handy/first-new-post.html?s=8705bcfb405605bf32a1e1143f4295d0c01f5fb6','',0,'2011-05-04 21:22:12',0),(8,'http://www.customer-forum.de/','http://www.customer-forum.de/router-handys/handys/16431-was-ist-mit-meinem-bestelltem-handy/first-new-post.html?s=8705bcfb405605bf32a1e1143f4295d0c01f5fb6','Was ist mit meinem bestelltem Handy ???? ',0,'2011-05-04 21:22:12',0),(8,'http://www.customer-forum.de/','http://www.customer-forum.de/index.php?page=User&userID=7466&s=8705bcfb405605bf32a1e1143f4295d0c01f5fb6','Mr. Wilson ',0,'2011-05-04 21:22:12',0),(8,'http://www.customer-forum.de/','http://www.customer-forum.de/router-handys/handys/board35-archiv-handy/?s=8705bcfb405605bf32a1e1143f4295d0c01f5fb6','Archiv: Handy ',0,'2011-05-04 21:22:12',0),(8,'http://www.customer-forum.de/','http://www.customer-forum.de/customer-support-forum.html?s=8705bcfb405605bf32a1e1143f4295d0c01f5fb6&hideBoard=5&s=8705bcfb405605bf32a1e1143f4295d0c01f5fb6#boardLink26','',0,'2011-05-04 21:22:12',0),(8,'http://www.customer-forum.de/','http://www.customer-forum.de/allgemeine-diskussionen/board7-lob-kritik-und-anregungen/?s=8705bcfb405605bf32a1e1143f4295d0c01f5fb6','Lob, Kritik und Anregungen  (10) ',0,'2011-05-04 21:22:12',0),(8,'http://www.customer-forum.de/','http://www.customer-forum.de/allgemeine-diskussionen/lob-kritik-und-anregungen/16474-fehlende-portfreigabe/first-new-post.html?s=8705bcfb405605bf32a1e1143f4295d0c01f5fb6','',0,'2011-05-04 21:22:12',0),(8,'http://www.customer-forum.de/','http://www.customer-forum.de/allgemeine-diskussionen/lob-kritik-und-anregungen/16474-fehlende-portfreigabe/first-new-post.html?s=8705bcfb405605bf32a1e1143f4295d0c01f5fb6','Fehlende Portfreigabe ',0,'2011-05-04 21:22:12',0),(8,'http://www.customer-forum.de/','http://www.customer-forum.de/index.php?page=User&userID=10524&s=8705bcfb405605bf32a1e1143f4295d0c01f5fb6','Fidibus ',0,'2011-05-04 21:22:12',0),(8,'http://www.customer-forum.de/','http://www.customer-forum.de/allgemeine-diskussionen/lob-kritik-und-anregungen/board36-archiv-lob-kritik-und-anregungen/?s=8705bcfb405605bf32a1e1143f4295d0c01f5fb6','Archiv: Lob, Kritik und Anregungen ',0,'2011-05-04 21:22:12',0),(8,'http://www.customer-forum.de/','http://www.customer-forum.de/allgemeine-diskussionen/board14-offene-diskussion/?s=8705bcfb405605bf32a1e1143f4295d0c01f5fb6','Offene Diskussion  (1) ',0,'2011-05-04 21:22:12',0),(8,'http://www.customer-forum.de/','http://www.customer-forum.de/allgemeine-diskussionen/offene-diskussion/998-witziges-und-was-zum-lachen/first-new-post.html?s=8705bcfb405605bf32a1e1143f4295d0c01f5fb6','',0,'2011-05-04 21:22:12',0),(8,'http://www.customer-forum.de/','http://www.customer-forum.de/allgemeine-diskussionen/offene-diskussion/998-witziges-und-was-zum-lachen/first-new-post.html?s=8705bcfb405605bf32a1e1143f4295d0c01f5fb6','Witziges und was zum Lachen! ',0,'2011-05-04 21:22:12',0),(8,'http://www.customer-forum.de/','http://www.customer-forum.de/index.php?page=User&userID=3389&s=8705bcfb405605bf32a1e1143f4295d0c01f5fb6','MikeTNT ',0,'2011-05-04 21:22:12',0),(8,'http://www.customer-forum.de/','http://www.customer-forum.de/allgemeine-diskussionen/offene-diskussion/board37-archiv-offene-diskussion/?s=8705bcfb405605bf32a1e1143f4295d0c01f5fb6','Archiv: Offene Diskussion ',0,'2011-05-04 21:22:13',0),(8,'http://www.customer-forum.de/','http://www.customer-forum.de/index.php?page=User&userID=22910&s=8705bcfb405605bf32a1e1143f4295d0c01f5fb6','congwil67 ',0,'2011-05-04 21:22:13',0),(8,'http://www.customer-forum.de/','http://www.customer-forum.de/index.php?action=BoardMarkAllAsRead&s=8705bcfb405605bf32a1e1143f4295d0c01f5fb6','Alle Foren als gelesen markieren ',0,'2011-05-04 21:22:13',0),(8,'http://www.customer-forum.de/','http://www.customer.de/agb','AGB ',0,'2011-05-04 21:22:13',0),(8,'http://www.customer-forum.de/','http://www.customer.de/impressum','Impressum ',0,'2011-05-04 21:22:13',0),(8,'http://www.customer-forum.de/','http://www.customer.de/datenschutz','Datenschutz ',0,'2011-05-04 21:22:13',0),(8,'http://www.customer-forum.de/','http://www.customer.de/ueber-customer','ber customer ',0,'2011-05-04 21:22:13',0),(8,'http://www.customer-forum.de/','http://www.customer.de/werben-und-verdienen','Werben & Verdienen ',0,'2011-05-04 21:22:13',0),(8,'http://www.customer-forum.de/','http://customer.custhelp.com/cgi-bin/customer.cfg/php/enduser/ask.php','Kontakt ',0,'2011-05-04 21:22:13',0),(9,'http://www.customer.de/','http://www.adobe.de/products/acrobat/readstep2.html','Acrobat Reader ',0,'2011-05-04 21:22:14',0),(9,'http://www.customer.de/','widerruf/','hier ',0,'2011-05-04 21:22:14',0),(9,'http://www.customer.de/','fileadmin/files_customer/documents/agb/mobilfunk/Allgemeine_Geschftsbedingungen_customer_Mobilfunktarife.pdf','Allgemeine Geschftsbedingungen customer Mobilfunktarife ',0,'2011-05-04 21:22:14',0),(9,'http://www.customer.de/','fileadmin/files_customer/documents/agb/100701/AGB_customer_Prepaid_20091016.pdf','Allgemeine Geschftsbedingungen customer Prepaid ',0,'2011-05-04 21:22:14',0),(9,'http://www.customer.de/','fileadmin/files_customer/documents/agb/AGB_customer_Endgeraete_Zubehoer.pdf','Allgemeine Geschftsbedingungen Hardware ',0,'2011-05-04 21:22:14',0),(9,'http://www.customer.de/','fileadmin/files_customer/documents/agb/AGB_customer_dsads_20100519_final.pdf','Allgemeine Geschftsbedingungen customer dsads ',0,'2011-05-04 21:22:14',0),(9,'http://www.customer.de/','fileadmin/files_customer/documents/agb/2011/AGB_customer_Sicherheitspaket_20100201_final.pdf','Allgemeine Geschftsbedingungen customer Sicherheitspaket ',0,'2011-05-04 21:22:14',0),(9,'http://www.customer.de/','fileadmin/files_customer/documents/agb/mobilfunk/Leistungsbeschreibung_customer_Mobilfunktarife.pdf','customer Mobilfunktarife ',0,'2011-05-04 21:22:15',0),(9,'http://www.customer.de/','fileadmin/files_customer/documents/agb/100701/customer_Prepaid_LB_20091201.pdf','customer Prepaid ',0,'2011-05-04 21:22:15',0),(9,'http://www.customer.de/','fileadmin/files_customer/documents/agb/product_16000/LB_customer_dsads_20100901_final.pdf','customer dsads ',0,'2011-05-04 21:22:15',0),(9,'http://www.customer.de/','fileadmin/files_customer/documents/agb/Leistungsbeschreibung_customer_Sicherheitspaket.pdf','customer Sicherheitspaket ',0,'2011-05-04 21:22:15',0),(9,'http://www.customer.de/','fileadmin/files_customer/documents/agb/2011/customer_9_Cent_Tarif_Preisliste_20110201.pdf','customer 9 Cent Tarif ',0,'2011-05-04 21:22:15',0),(9,'http://www.customer.de/','fileadmin/files_customer/documents/agb/2011/customer_Kombi_Flat_Preisliste_20110201.pdf','customer Kombi Flat ',0,'2011-05-04 21:22:15',0),(9,'http://www.customer.de/','fileadmin/files_customer/documents/agb/2011/customer_Full_Flat_Preisliste_20110201.pdf','customer Full Flat ',0,'2011-05-04 21:22:15',0),(9,'http://www.customer.de/','fileadmin/files_customer/documents/agb/2011/customer_Surf_Flat_Tarife_Preisliste_20110201.pdf','customer Surf Flat Tarife ',0,'2011-05-04 21:22:15',0),(9,'http://www.customer.de/','fileadmin/files_customer/documents/agb/2011/customer_Prepaid_Preisliste.pdf','customer Prepaid ',0,'2011-05-04 21:22:15',0),(9,'http://www.customer.de/','fileadmin/files_customer/documents/agb/2011/customer_Prepaid_Internet-Tagesflat_Preisliste.pdf','customer Prepaid Internet-Stick ',0,'2011-05-04 21:22:15',0),(9,'http://www.customer.de/','fileadmin/files_customer/documents/agb/product_16000/PL_customer_dsads_20100831_final.pdf','customer dsads ',0,'2011-05-04 21:22:15',0),(9,'http://www.customer.de/','fileadmin/files_customer/documents/agb/AGB_customer_Surfpaket_product6000_Preisliste_01.pdf','',0,'2011-05-04 21:22:15',0),(9,'http://www.customer.de/','fileadmin/files_customer/documents/agb/AGB_customer_Surfpaket_product-Flat_Preisliste.pdf.pdf','product Flat ',0,'2011-05-04 21:22:15',0),(9,'http://www.customer.de/','fileadmin/files_customer/documents/agb/2011/Preisliste_customer_Sicherheitspaket_final.pdf','customer Sicherheitspaket ',0,'2011-05-04 21:22:15',0),(9,'http://www.customer.de/','agb/','AGB ',0,'2011-05-04 21:22:15',0),(9,'http://www.customer.de/','impressum/','Impressum ',0,'2011-05-04 21:22:15',0),(9,'http://www.customer.de/','datenschutz/','Datenschutz ',0,'2011-05-04 21:22:15',0),(9,'http://www.customer.de/','ueber-customer/','ber customer ',0,'2011-05-04 21:22:15',0),(9,'http://www.customer.de/','newsletter/','Newsletter ',0,'2011-05-04 21:22:15',0),(9,'http://www.customer.de/','http://customer.custhelp.com/cgi-bin/customer.cfg/php/enduser/ask.php','Kontakt ',0,'2011-05-04 21:22:16',0),(9,'http://www.customer.de/','https://www.customer.de/meincustomer/passwort-vergessen/','Passwort vergessen? ',0,'2011-05-04 21:22:16',0),(9,'http://www.customer.de/','https://www.customer.de/meincustomer/','meincustomer logIn ',0,'2011-05-04 21:22:16',0),(9,'http://www.customer.de/','prepaid/','Prepaid ',0,'2011-05-04 21:22:16',0),(9,'http://www.customer.de/','tarife/','Tarife ',0,'2011-05-04 21:22:16',0),(9,'http://www.customer.de/','handys/','Handys ',0,'2011-05-04 21:22:16',0),(9,'http://www.customer.de/','product-product/','product & product ',0,'2011-05-04 21:22:16',0),(9,'http://www.customer.de/','hilfe-service/','Hilfe & Service ',0,'2011-05-04 21:22:16',0),(9,'http://www.customer.de/','spielfeld/','Spielfeld ',0,'2011-05-04 21:22:16',0),(9,'http://www.customer.de/','werben-und-verdienen/','Werben & Verdienen ',0,'2011-05-04 21:22:16',0),(9,'http://www.customer.de/','presse/','Presse ',0,'2011-05-04 21:22:16',0),(9,'http://www.customer.de/','widerruf/','Widerrufs- und Rckgaberecht ',0,'2011-05-04 21:22:16',0),(10,'http://www.customer.de/','http://www.customer-forum.de/','Support Forum ',0,'2011-05-04 21:22:17',0),(10,'http://www.customer.de/','agb/','AGB ',0,'2011-05-04 21:22:17',0),(10,'http://www.customer.de/','impressum/','Impressum ',0,'2011-05-04 21:22:17',0),(10,'http://www.customer.de/','datenschutz/','Datenschutz ',0,'2011-05-04 21:22:17',0),(10,'http://www.customer.de/','ueber-customer/','ber customer ',0,'2011-05-04 21:22:17',0),(10,'http://www.customer.de/','newsletter/','Newsletter ',0,'2011-05-04 21:22:17',0),(10,'http://www.customer.de/','http://customer.custhelp.com/cgi-bin/customer.cfg/php/enduser/ask.php','Kontakt ',0,'2011-05-04 21:22:17',0),(10,'http://www.customer.de/','https://www.customer.de/meincustomer/passwort-vergessen/','Passwort vergessen? ',0,'2011-05-04 21:22:17',0),(10,'http://www.customer.de/','https://www.customer.de/meincustomer/','meincustomer logIn ',0,'2011-05-04 21:22:18',0),(10,'http://www.customer.de/','prepaid/','Prepaid ',0,'2011-05-04 21:22:18',0),(10,'http://www.customer.de/','tarife/','Tarife ',0,'2011-05-04 21:22:18',0),(10,'http://www.customer.de/','handys/','Handys ',0,'2011-05-04 21:22:18',0),(10,'http://www.customer.de/','product-product/','product & product ',0,'2011-05-04 21:22:18',0),(10,'http://www.customer.de/','hilfe-service/','Hilfe & Service ',0,'2011-05-04 21:22:18',0),(10,'http://www.customer.de/','spielfeld/','Spielfeld ',0,'2011-05-04 21:22:18',0),(10,'http://www.customer.de/','werben-und-verdienen/','Werben & Verdienen ',0,'2011-05-04 21:22:18',0),(10,'http://www.customer.de/','presse/','Presse ',0,'2011-05-04 21:22:18',0),(11,'http://www.customer.de/','fileadmin/files_customer/documents/Datenschutz_customer.pdf','Download im PDF-Format ',0,'2011-05-04 21:22:19',0),(11,'http://www.customer.de/','http://www.customer.de/meincustomer','www.customer.de/meincustomer ',0,'2011-05-04 21:22:19',0),(11,'http://www.customer.de/','http://www.customer.de/meincustomer','www.customer.de/meincustomer ',0,'2011-05-04 21:22:19',0),(11,'http://www.customer.de/','http://www.customer.de/meincustomer','www.customer.de/meincustomer ',0,'2011-05-04 21:22:19',0),(11,'http://www.customer.de/','http://www.customer.de/meincustomer','www.customer.de/meincustomer ',0,'2011-05-04 21:22:19',0),(11,'http://www.customer.de/','http://www.customer.de/meincustomer','www.customer.de/meincustomer ',0,'2011-05-04 21:22:19',0),(11,'http://www.customer.de/','http://www.customer.de/meincustomer','www.customer.de/meincustomer ',0,'2011-05-04 21:22:19',0),(11,'http://www.customer.de/','http://www.customer.de/meincustomer','www.customer.de/meincustomer ',0,'2011-05-04 21:22:19',0),(11,'http://www.customer.de/','http://www.customer.de/meincustomer','www.customer.de/meincustomer ',0,'2011-05-04 21:22:19',0),(11,'http://www.customer.de/','agb/','AGB ',0,'2011-05-04 21:22:19',0),(11,'http://www.customer.de/','impressum/','Impressum ',0,'2011-05-04 21:22:20',0),(11,'http://www.customer.de/','datenschutz/','Datenschutz ',0,'2011-05-04 21:22:20',0),(11,'http://www.customer.de/','ueber-customer/','ber customer ',0,'2011-05-04 21:22:20',0),(11,'http://www.customer.de/','newsletter/','Newsletter ',0,'2011-05-04 21:22:20',0),(11,'http://www.customer.de/','http://customer.custhelp.com/cgi-bin/customer.cfg/php/enduser/ask.php','Kontakt ',0,'2011-05-04 21:22:20',0),(11,'http://www.customer.de/','https://www.customer.de/meincustomer/passwort-vergessen/','Passwort vergessen? ',0,'2011-05-04 21:22:20',0),(11,'http://www.customer.de/','https://www.customer.de/meincustomer/','meincustomer logIn ',0,'2011-05-04 21:22:20',0),(11,'http://www.customer.de/','prepaid/','Prepaid ',0,'2011-05-04 21:22:20',0),(11,'http://www.customer.de/','tarife/','Tarife ',0,'2011-05-04 21:22:20',0),(11,'http://www.customer.de/','handys/','Handys ',0,'2011-05-04 21:22:20',0),(11,'http://www.customer.de/','product-product/','product & product ',0,'2011-05-04 21:22:20',0),(11,'http://www.customer.de/','hilfe-service/','Hilfe & Service ',0,'2011-05-04 21:22:20',0),(11,'http://www.customer.de/','spielfeld/','Spielfeld ',0,'2011-05-04 21:22:20',0),(11,'http://www.customer.de/','werben-und-verdienen/','Werben & Verdienen ',0,'2011-05-04 21:22:20',0),(11,'http://www.customer.de/','presse/','Presse ',0,'2011-05-04 21:22:20',0),(12,'http://www.customer.de/','weiterleitung/?r=http%3A%2F%2Fget.adobe.com%2Fde%2Freader%2F','',0,'2011-05-04 21:22:23',0),(12,'http://www.customer.de/','fileadmin/files_customer/documents/Wegbeschreibung_customer.pdf','anfahrtsbeschreibung ',0,'2011-05-04 21:22:23',0),(12,'http://www.customer.de/','agb/','AGB ',0,'2011-05-04 21:22:23',0),(12,'http://www.customer.de/','impressum/','Impressum ',0,'2011-05-04 21:22:23',0),(12,'http://www.customer.de/','datenschutz/','Datenschutz ',0,'2011-05-04 21:22:23',0),(12,'http://www.customer.de/','ueber-customer/','ber customer ',0,'2011-05-04 21:22:23',0),(12,'http://www.customer.de/','newsletter/','Newsletter ',0,'2011-05-04 21:22:23',0),(12,'http://www.customer.de/','http://customer.custhelp.com/cgi-bin/customer.cfg/php/enduser/ask.php','Kontakt ',0,'2011-05-04 21:22:23',0),(12,'http://www.customer.de/','https://www.customer.de/meincustomer/passwort-vergessen/','Passwort vergessen? ',0,'2011-05-04 21:22:23',0),(12,'http://www.customer.de/','https://www.customer.de/meincustomer/','meincustomer logIn ',0,'2011-05-04 21:22:23',0),(12,'http://www.customer.de/','prepaid/','Prepaid ',0,'2011-05-04 21:22:23',0),(12,'http://www.customer.de/','tarife/','Tarife ',0,'2011-05-04 21:22:23',0),(12,'http://www.customer.de/','handys/','Handys ',0,'2011-05-04 21:22:23',0),(12,'http://www.customer.de/','product-product/','product & product ',0,'2011-05-04 21:22:24',0),(12,'http://www.customer.de/','hilfe-service/','Hilfe & Service ',0,'2011-05-04 21:22:24',0),(12,'http://www.customer.de/','spielfeld/','Spielfeld ',0,'2011-05-04 21:22:24',0),(12,'http://www.customer.de/','werben-und-verdienen/','Werben & Verdienen ',0,'2011-05-04 21:22:24',0),(12,'http://www.customer.de/','presse/','Presse ',0,'2011-05-04 21:22:24',0),(12,'http://www.customer.de/','customer-shop/','customer Shop ',0,'2011-05-04 21:22:24',0),(12,'http://www.customer.de/','jobs/','Karriere & Jobs ',0,'2011-05-04 21:22:24',0),(13,'http://www.customer.de/','agb/','AGB ',0,'2011-05-04 21:22:25',0),(13,'http://www.customer.de/','impressum/','Impressum ',0,'2011-05-04 21:22:25',0),(13,'http://www.customer.de/','datenschutz/','Datenschutz ',0,'2011-05-04 21:22:25',0),(13,'http://www.customer.de/','ueber-customer/','ber customer ',0,'2011-05-04 21:22:25',0),(13,'http://www.customer.de/','newsletter/','Newsletter ',0,'2011-05-04 21:22:25',0),(13,'http://www.customer.de/','http://customer.custhelp.com/cgi-bin/customer.cfg/php/enduser/ask.php','Kontakt ',0,'2011-05-04 21:22:25',0),(13,'http://www.customer.de/','https://www.customer.de/meincustomer/passwort-vergessen/','Passwort vergessen? ',0,'2011-05-04 21:22:25',0),(13,'http://www.customer.de/','https://www.customer.de/meincustomer/','meincustomer logIn ',0,'2011-05-04 21:22:25',0),(13,'http://www.customer.de/','prepaid/','Prepaid ',0,'2011-05-04 21:22:25',0),(13,'http://www.customer.de/','tarife/','Tarife ',0,'2011-05-04 21:22:25',0),(13,'http://www.customer.de/','handys/','Handys ',0,'2011-05-04 21:22:25',0),(13,'http://www.customer.de/','product-product/','product & product ',0,'2011-05-04 21:22:25',0),(13,'http://www.customer.de/','hilfe-service/','Hilfe & Service ',0,'2011-05-04 21:22:25',0),(13,'http://www.customer.de/','spielfeld/','Spielfeld ',0,'2011-05-04 21:22:25',0),(13,'http://www.customer.de/','werben-und-verdienen/','Werben & Verdienen ',0,'2011-05-04 21:22:25',0),(13,'http://www.customer.de/','presse/','Presse ',0,'2011-05-04 21:22:26',0),(13,'http://www.customer.de/','hilfe-videos/start/','Hilfe-Videos ',0,'2011-05-04 21:22:26',0),(13,'http://www.customer.de/','newsletter/','Newsletter ',0,'2011-05-04 21:22:26',0),(13,'http://www.customer.de/','faq/','FAQ ',0,'2011-05-04 21:22:26',0),(13,'http://www.customer.de/','hilfe-aufladen/','Aufladen ',0,'2011-05-04 21:22:26',0),(13,'http://www.customer.de/','roaming/','EU-Roaming ',0,'2011-05-04 21:22:26',0),(13,'http://www.customer.de/','downloads/','Downloads ',0,'2011-05-04 21:22:26',0),(13,'http://www.customer.de/','wechselservice-mobilfunk/','Wechselservice Mobilfunk ',0,'2011-05-04 21:22:26',0),(13,'http://www.customer.de/','mobiles-internet/das-customer-mobil-portal/','Mobil ins Internet ',0,'2011-05-04 21:22:26',0),(13,'http://www.customer.de/','mobile-e-mail/','Mobile E-Mail ',0,'2011-05-04 21:22:26',0),(13,'http://www.customer.de/','hilfe-zu-customer-dsads/','Hilfe zu customer dsads ',0,'2011-05-04 21:22:26',0),(14,'http://customer.custhelp.com/euf/rightnow/optimized/1302135432/themes/standard/','#rn_MainContent','Navigation berspringen ',0,'2011-05-04 21:22:27',0),(14,'http://customer.custhelp.com/euf/rightnow/optimized/1302135432/themes/standard/','http://www.customer-forum.de','Support Forum ',0,'2011-05-04 21:22:27',0),(14,'http://customer.custhelp.com/euf/rightnow/optimized/1302135432/themes/standard/','javascript:void(0);','Whlen Sie einen Produkt (zugngliche Option) ',0,'2011-05-04 21:22:27',0),(14,'http://customer.custhelp.com/euf/rightnow/optimized/1302135432/themes/standard/','/app/ask/session/L3NpZC9pUTJxNDh0aw==','Fragen Sie uns ',0,'2011-05-04 21:22:27',0),(14,'http://customer.custhelp.com/euf/rightnow/optimized/1302135432/themes/standard/','javascript:void(0);','Feedback geben ',0,'2011-05-04 21:22:27',0),(14,'http://customer.custhelp.com/euf/rightnow/optimized/1302135432/themes/standard/','http://rightnow.com/cx.html','Powered By RightNow Technologies ',0,'2011-05-04 21:22:27',0),(15,'http://www.customer.de/','prepaid/#','ausblenden ',0,'2011-05-04 21:22:28',0),(15,'http://www.customer.de/','http://aufladefinder.customer.de/','50.000 Aufladestationen ',0,'2011-05-04 21:22:29',0),(15,'http://www.customer.de/','prepaid/customer-prepaid-internet-stick/','',0,'2011-05-04 21:22:29',0),(15,'http://www.customer.de/','prepaid/customer-prepaid-internet-stick/','Mehr Details ',0,'2011-05-04 21:22:29',0),(15,'http://www.customer.de/','prepaid/#','freischalten ',0,'2011-05-04 21:22:29',0),(15,'http://www.customer.de/','http://145.253.131.194:49202/click2call/c2c_customer.callback','Ihre Kontaktdaten ',0,'2011-05-04 21:22:29',0),(15,'http://www.customer.de/','http://aufladefinder.customer.de/','ber 50.000 Ladestationen  (Aufladestationen) ',0,'2011-05-04 21:22:29',0),(15,'http://www.customer.de/','http://prepaidhandy.customer.de/','jetzt auch im Pack mit attraktiven Handys ab 29,95  ',0,'2011-05-04 21:22:29',0),(15,'http://www.customer.de/','prepaid/tarifinfos/','Tarifinfo ',0,'2011-05-04 21:22:29',0),(15,'http://www.customer.de/','prepaid/karte/','',0,'2011-05-04 21:22:29',0),(15,'http://www.customer.de/','prepaid/karte/','mehr details ',0,'2011-05-04 21:22:29',0),(15,'http://www.customer.de/','prepaid/#','Wie kann ich meine customer Prepaid-Karte aufladen? ',0,'2011-05-04 21:22:29',0),(15,'http://www.customer.de/','prepaid/#','Wo kann ich das customer Prepaid Starterpaket bekommen? ',0,'2011-05-04 21:22:29',0),(15,'http://www.customer.de/','prepaid/#','Wann erhalte ich mein customer Starterpaket nach der Online-Bestellung? ',0,'2011-05-04 21:22:29',0),(15,'http://www.customer.de/','faq/','alle faq ',0,'2011-05-04 21:22:29',0),(15,'http://www.customer.de/','http://mobil.customer.de/','mobil.customer.de ',0,'2011-05-04 21:22:29',0),(15,'http://www.customer.de/','http://www.customer.de/mobiles-internet/das-customer-mobil-portal/','Mehr Details ',0,'2011-05-04 21:22:29',0),(15,'http://www.customer.de/','http://prepaid.customer.de','jetzt bestellen ',0,'2011-05-04 21:22:29',0),(15,'http://www.customer.de/','prepaid/','Mehr Details ',0,'2011-05-04 21:22:29',0),(15,'http://www.customer.de/','agb/','AGB ',0,'2011-05-04 21:22:29',0),(15,'http://www.customer.de/','impressum/','Impressum ',0,'2011-05-04 21:22:29',0),(15,'http://www.customer.de/','datenschutz/','Datenschutz ',0,'2011-05-04 21:22:29',0),(15,'http://www.customer.de/','ueber-customer/','ber customer ',0,'2011-05-04 21:22:30',0),(15,'http://www.customer.de/','newsletter/','Newsletter ',0,'2011-05-04 21:22:30',0),(15,'http://www.customer.de/','http://customer.custhelp.com/cgi-bin/customer.cfg/php/enduser/ask.php','Kontakt ',0,'2011-05-04 21:22:30',0),(15,'http://www.customer.de/','https://www.customer.de/meincustomer/passwort-vergessen/','Passwort vergessen? ',0,'2011-05-04 21:22:30',0),(15,'http://www.customer.de/','https://www.customer.de/meincustomer/','meincustomer logIn ',0,'2011-05-04 21:22:30',0),(15,'http://www.customer.de/','prepaid/','Prepaid ',0,'2011-05-04 21:22:30',0),(15,'http://www.customer.de/','tarife/','Tarife ',0,'2011-05-04 21:22:30',0),(15,'http://www.customer.de/','handys/','Handys ',0,'2011-05-04 21:22:30',0),(15,'http://www.customer.de/','product-product/','product & product ',0,'2011-05-04 21:22:30',0),(15,'http://www.customer.de/','hilfe-service/','Hilfe & Service ',0,'2011-05-04 21:22:30',0),(15,'http://www.customer.de/','spielfeld/','Spielfeld ',0,'2011-05-04 21:22:30',0),(15,'http://www.customer.de/','werben-und-verdienen/','Werben & Verdienen ',0,'2011-05-04 21:22:30',0),(15,'http://www.customer.de/','presse/','Presse ',0,'2011-05-04 21:22:30',0),(15,'http://www.customer.de/','prepaid/karte/','customer Prepaid ',0,'2011-05-04 21:22:30',0),(15,'http://www.customer.de/','prepaid/customer-prepaid-internet-stick/','customer Prepaid Internet-Stick ',0,'2011-05-04 21:22:30',0),(15,'http://www.customer.de/','prepaid/tarifoptionen/','Tarifoptionen ',0,'2011-05-04 21:22:30',0),(15,'http://www.customer.de/','prepaid/tarifinfos/','Tarifinformationen ',0,'2011-05-04 21:22:30',0),(15,'http://www.customer.de/','https://www.customer.de/freischalten/','Freischalten ',0,'2011-05-04 21:22:30',0),(15,'http://www.customer.de/','aufladen/','Aufladen ',0,'2011-05-04 21:22:30',0),(15,'http://www.customer.de/','prepaid/rufnummer-mitnehmen/','Rufnummer mitnehmen ',0,'2011-05-04 21:22:30',0),(15,'http://www.customer.de/','https://www.customer.de/bestellen/','0 Artikel ',0,'2011-05-04 21:22:31',0),(16,'http://www.customer.de/','tarife/#','ausblenden ',0,'2011-05-04 21:22:32',0),(16,'http://www.customer.de/','kombiflat/','customer Kombi Flat ',0,'2011-05-04 21:22:32',0),(16,'http://www.customer.de/','kombiflat/','details ',0,'2011-05-04 21:22:32',0),(16,'http://www.customer.de/','weiterleitung/?r=http%3A%2F%2Fwww.gravis.de%2Fstores%2F','customer Surf Flats ',0,'2011-05-04 21:22:32',0),(16,'http://www.customer.de/','weiterleitung/?r=http%3A%2F%2Fwww.gravis.de%2Fstores%2F','hier geht\'s zum GRAVIS-Store Finder ',0,'2011-05-04 21:22:32',0),(16,'http://www.customer.de/','http://145.253.131.194:49202/click2call/c2c_customer.callback','Ihre Kontaktdaten ',0,'2011-05-04 21:22:32',0),(16,'http://www.customer.de/','surf-flat-1/','customer Surf Flat 1 ',0,'2011-05-04 21:22:32',0),(16,'http://www.customer.de/','surf-flat-1/','details ',0,'2011-05-04 21:22:32',0),(16,'http://www.customer.de/','9cent/','customer 9 Cent Tarif ',0,'2011-05-04 21:22:32',0),(16,'http://www.customer.de/','9cent/','details ',0,'2011-05-04 21:22:32',0),(16,'http://www.customer.de/','tarife/#','Wann muss ich ein Post Ident Verfahren durchlaufen? ',0,'2011-05-04 21:22:32',0),(16,'http://www.customer.de/','tarife/#','Wie funktioniert das Post Ident Verfahren? ',0,'2011-05-04 21:22:32',0),(16,'http://www.customer.de/','tarife/#','Gibt es beim customer 9 Cent Tarif einen Mindestumsatz? ',0,'2011-05-04 21:22:32',0),(16,'http://www.customer.de/','surf-flat-2/','customer Surf Flat 2 ',0,'2011-05-04 21:22:33',0),(16,'http://www.customer.de/','surf-flat-2/','details ',0,'2011-05-04 21:22:33',0),(16,'http://www.customer.de/','fullflat/','customer Full Flat ',0,'2011-05-04 21:22:33',0),(16,'http://www.customer.de/','fullflat/','details ',0,'2011-05-04 21:22:33',0),(16,'http://www.customer.de/','https://form.customer.de/','hier ',0,'2011-05-04 21:22:33',0),(16,'http://www.customer.de/','http://145.253.131.194:49202/click2call/c2c_customer.callback','hier ',0,'2011-05-04 21:22:33',0),(16,'http://www.customer.de/','agb/','AGB ',0,'2011-05-04 21:22:33',0),(16,'http://www.customer.de/','impressum/','Impressum ',0,'2011-05-04 21:22:33',0),(16,'http://www.customer.de/','datenschutz/','Datenschutz ',0,'2011-05-04 21:22:33',0),(16,'http://www.customer.de/','ueber-customer/','ber customer ',0,'2011-05-04 21:22:33',0),(16,'http://www.customer.de/','newsletter/','Newsletter ',0,'2011-05-04 21:22:33',0),(16,'http://www.customer.de/','http://customer.custhelp.com/cgi-bin/customer.cfg/php/enduser/ask.php','Kontakt ',0,'2011-05-04 21:22:33',0),(16,'http://www.customer.de/','https://www.customer.de/meincustomer/passwort-vergessen/','Passwort vergessen? ',0,'2011-05-04 21:22:33',0),(16,'http://www.customer.de/','https://www.customer.de/meincustomer/','meincustomer logIn ',0,'2011-05-04 21:22:33',0),(16,'http://www.customer.de/','prepaid/','Prepaid ',0,'2011-05-04 21:22:33',0),(16,'http://www.customer.de/','tarife/','Tarife ',0,'2011-05-04 21:22:33',0),(16,'http://www.customer.de/','handys/','Handys ',0,'2011-05-04 21:22:33',0),(16,'http://www.customer.de/','product-product/','product & product ',0,'2011-05-04 21:22:33',0),(16,'http://www.customer.de/','hilfe-service/','Hilfe & Service ',0,'2011-05-04 21:22:33',0),(16,'http://www.customer.de/','spielfeld/','Spielfeld ',0,'2011-05-04 21:22:33',0),(16,'http://www.customer.de/','werben-und-verdienen/','Werben & Verdienen ',0,'2011-05-04 21:22:34',0),(16,'http://www.customer.de/','presse/','Presse ',0,'2011-05-04 21:22:34',0),(16,'http://www.customer.de/','9cent/','customer 9 Cent Tarif ',0,'2011-05-04 21:22:34',0),(16,'http://www.customer.de/','kombiflat/','customer Kombi Flat ',0,'2011-05-04 21:22:34',0),(16,'http://www.customer.de/','fullflat/','customer Full Flat ',0,'2011-05-04 21:22:34',0),(16,'http://www.customer.de/','surf-flat-1/','customer Surf Flat 1 ',0,'2011-05-04 21:22:34',0),(16,'http://www.customer.de/','surf-flat-2/','customer Surf Flat 2 ',0,'2011-05-04 21:22:34',0),(16,'http://www.customer.de/','tarifberater/','Tarifberater ',0,'2011-05-04 21:22:34',0),(16,'http://www.customer.de/','https://www.customer.de/bestellen/','0 Artikel ',0,'2011-05-04 21:22:34',0),(17,'http://www.customer.de/','product-product/#','Was beinhalten die \"customer dsads\" Angebote? ',0,'2011-05-04 21:22:35',0),(17,'http://www.customer.de/','product-product/#','Wie funktioniert \"customer dsads\"? ',0,'2011-05-04 21:22:36',0),(17,'http://www.customer.de/','product-product/#','Welche Voraussetzungen sind fr die Bestellung von \"customer dsads\" notwendig? ',0,'2011-05-04 21:22:36',0),(17,'http://www.customer.de/','http://145.253.131.194:49202/click2call/c2c_customer.callback','Ihre Kontaktdaten ',0,'2011-05-04 21:22:36',0),(17,'http://www.customer.de/','customer-dsads-2/','customer dsads 2 ',0,'2011-05-04 21:22:36',0),(17,'http://www.customer.de/','customer-dsads-2/','details ',0,'2011-05-04 21:22:36',0),(17,'http://www.customer.de/','https://form.customer.de/','hier ',0,'2011-05-04 21:22:36',0),(17,'http://www.customer.de/','https://form.customer.de','details ',0,'2011-05-04 21:22:36',0),(17,'http://www.customer.de/','customer-dsads-1/','customer dsads 1 ',0,'2011-05-04 21:22:36',0),(17,'http://www.customer.de/','customer-dsads-1/','details ',0,'2011-05-04 21:22:36',0),(17,'http://www.customer.de/','http://145.253.131.194:49202/click2call/c2c_customer.callback','details ',0,'2011-05-04 21:22:36',0),(17,'http://www.customer.de/','agb/','AGB ',0,'2011-05-04 21:22:36',0),(17,'http://www.customer.de/','impressum/','Impressum ',0,'2011-05-04 21:22:36',0),(17,'http://www.customer.de/','datenschutz/','Datenschutz ',0,'2011-05-04 21:22:36',0),(17,'http://www.customer.de/','ueber-customer/','ber customer ',0,'2011-05-04 21:22:36',0),(17,'http://www.customer.de/','newsletter/','Newsletter ',0,'2011-05-04 21:22:36',0),(17,'http://www.customer.de/','http://customer.custhelp.com/cgi-bin/customer.cfg/php/enduser/ask.php','Kontakt ',0,'2011-05-04 21:22:36',0),(17,'http://www.customer.de/','https://www.customer.de/meincustomer/passwort-vergessen/','Passwort vergessen? ',0,'2011-05-04 21:22:36',0),(17,'http://www.customer.de/','https://www.customer.de/meincustomer/','meincustomer logIn ',0,'2011-05-04 21:22:36',0),(17,'http://www.customer.de/','prepaid/','Prepaid ',0,'2011-05-04 21:22:36',0),(17,'http://www.customer.de/','tarife/','Tarife ',0,'2011-05-04 21:22:37',0),(17,'http://www.customer.de/','handys/','Handys ',0,'2011-05-04 21:22:37',0),(17,'http://www.customer.de/','product-product/','product & product ',0,'2011-05-04 21:22:37',0),(17,'http://www.customer.de/','hilfe-service/','Hilfe & Service ',0,'2011-05-04 21:22:37',0),(17,'http://www.customer.de/','spielfeld/','Spielfeld ',0,'2011-05-04 21:22:37',0),(17,'http://www.customer.de/','werben-und-verdienen/','Werben & Verdienen ',0,'2011-05-04 21:22:37',0),(17,'http://www.customer.de/','presse/','Presse ',0,'2011-05-04 21:22:37',0),(17,'http://www.customer.de/','customer-dsads-1/','customer dsads 1 ',0,'2011-05-04 21:22:37',0),(17,'http://www.customer.de/','customer-dsads-2/','customer dsads 2 ',0,'2011-05-04 21:22:37',0),(17,'http://www.customer.de/','zusatzoptionen/','Zusatzoptionen ',0,'2011-05-04 21:22:37',0),(17,'http://www.customer.de/','https://www.customer.de/bestellen/','0 Artikel ',0,'2011-05-04 21:22:37',0),(18,'http://www.customer.de/','https://www.customer.de/meincustomer/passwort-vergessen/','Passwort vergessen? ',0,'2011-05-04 21:22:38',0),(18,'http://www.customer.de/','hilfe-service/#','weiter ',0,'2011-05-04 21:22:38',0),(18,'http://www.customer.de/','http://aufladefinder.customer.de/','Bei unseren Aufladepartnern ',0,'2011-05-04 21:22:38',0),(18,'http://www.customer.de/','http://aufladefinder.customer.de/','aufladefinder starten ',0,'2011-05-04 21:22:39',0),(18,'http://www.customer.de/','downloads/','zu den downloads ',0,'2011-05-04 21:22:39',0),(18,'http://www.customer.de/','http://www.customer-forum.de','hier gehts zum forum ',0,'2011-05-04 21:22:39',0),(18,'http://www.customer.de/','handys/','\n									 Handyberater ',0,'2011-05-04 21:22:39',0),(18,'http://www.customer.de/','tarifberater/','\n									 Tarifberater ',0,'2011-05-04 21:22:39',0),(18,'http://www.customer.de/','customer-dsads-1/','\n									 product Verfgbarkeit ',0,'2011-05-04 21:22:39',0),(18,'http://www.customer.de/','wechselservice-mobilfunk/','\n									 Wechselservice ',0,'2011-05-04 21:22:39',0),(18,'http://www.customer.de/','http://aufladefinder.customer.de/','\n									 Aufladefinder ',0,'2011-05-04 21:22:39',0),(18,'http://www.customer.de/','mobiles-internet/das-customer-mobil-portal/','\n									 Mobiles Internet ',0,'2011-05-04 21:22:39',0),(18,'http://www.customer.de/','handys/','\n									 Handyshop ',0,'2011-05-04 21:22:39',0),(18,'http://www.customer.de/','wechselservice-mobilfunk/','zum kndigungshelfer ',0,'2011-05-04 21:22:39',0),(18,'http://www.customer.de/','hilfe-videos/start/','',0,'2011-05-04 21:22:39',0),(18,'http://www.customer.de/','hilfe-videos/start/','zu den Hilfe-Videos ',0,'2011-05-04 21:22:39',0),(18,'http://www.customer.de/','wechselservice-mobilfunk/','Was muss ich tun, um meine Mobil-Rufnummer mitzunehmen? ',0,'2011-05-04 21:22:39',0),(18,'http://www.customer.de/','wechselservice-mobilfunk/','mehr Infos ',0,'2011-05-04 21:22:39',0),(18,'http://www.customer.de/','prepaid/karte/','Wo kann ich das Prepaid Starterpaket bekommen? ',0,'2011-05-04 21:22:39',0),(18,'http://www.customer.de/','prepaid/karte/','direkt online bestellen ',0,'2011-05-04 21:22:39',0),(18,'http://www.customer.de/','faq/faq/faqitem/29/','Wie kann ich GPRS und MMS nutzen? ',0,'2011-05-04 21:22:39',0),(18,'http://www.customer.de/','faq/faq/faqitem/29/','mehr Infos ',0,'2011-05-04 21:22:39',0),(18,'http://www.customer.de/','product-product/','Was beinhaltet das \"customer dsads\"-Angebot? ',0,'2011-05-04 21:22:39',0),(18,'http://www.customer.de/','product-product/','mehr Infos ',0,'2011-05-04 21:22:39',0),(18,'http://www.customer.de/','hilfe-service/#','Kann ich meine bestehende Rufnummer beim Wechsel zu \"customer dsads\" mitnehmen? ',0,'2011-05-04 21:22:40',0),(18,'http://www.customer.de/','faq/faq/faqitem/248/','Wie funktioniert der Wechsel zu customer dsads? ',0,'2011-05-04 21:22:40',0),(18,'http://www.customer.de/','faq/faq/faqitem/248/','mehr Infos ',0,'2011-05-04 21:22:40',0),(18,'http://www.customer.de/','wechselservice-mobilfunk/','Kann der vorherige Mobilfunkanbieter die Rufnummernmitnahme verhindern oder verzgern? ',0,'2011-05-04 21:22:40',0),(18,'http://www.customer.de/','wechselservice-mobilfunk/','jetzt alten Vertrag kndigen ',0,'2011-05-04 21:22:40',0),(18,'http://www.customer.de/','meincustomer/?r=90','Wie bekomme ich meine Rechnung? ',0,'2011-05-04 21:22:40',0),(18,'http://www.customer.de/','meincustomer/?r=90','... weiter ',0,'2011-05-04 21:22:40',0),(18,'http://www.customer.de/','prepaid/customer-prepaid-internet-stick/','Was ist der customer Prepaid Internet-Stick? ',0,'2011-05-04 21:22:40',0),(18,'http://www.customer.de/','prepaid/customer-prepaid-internet-stick/','mehr Infos ',0,'2011-05-04 21:22:40',0),(18,'http://www.customer.de/','faq/','alle faq ',0,'2011-05-04 21:22:40',0),(18,'http://www.customer.de/','agb/','AGB ',0,'2011-05-04 21:22:40',0),(18,'http://www.customer.de/','impressum/','Impressum ',0,'2011-05-04 21:22:40',0),(18,'http://www.customer.de/','datenschutz/','Datenschutz ',0,'2011-05-04 21:22:40',0),(18,'http://www.customer.de/','ueber-customer/','ber customer ',0,'2011-05-04 21:22:40',0),(18,'http://www.customer.de/','newsletter/','Newsletter ',0,'2011-05-04 21:22:40',0),(18,'http://www.customer.de/','http://customer.custhelp.com/cgi-bin/customer.cfg/php/enduser/ask.php','Kontakt ',0,'2011-05-04 21:22:40',0),(18,'http://www.customer.de/','https://www.customer.de/meincustomer/passwort-vergessen/','Passwort vergessen? ',0,'2011-05-04 21:22:40',0),(18,'http://www.customer.de/','https://www.customer.de/meincustomer/','meincustomer logIn ',0,'2011-05-04 21:22:40',0),(18,'http://www.customer.de/','prepaid/','Prepaid ',0,'2011-05-04 21:22:40',0),(18,'http://www.customer.de/','tarife/','Tarife ',0,'2011-05-04 21:22:41',0),(18,'http://www.customer.de/','handys/','Handys ',0,'2011-05-04 21:22:41',0),(18,'http://www.customer.de/','product-product/','product & product ',0,'2011-05-04 21:22:41',0),(18,'http://www.customer.de/','hilfe-service/','Hilfe & Service ',0,'2011-05-04 21:22:41',0),(18,'http://www.customer.de/','spielfeld/','Spielfeld ',0,'2011-05-04 21:22:41',0),(18,'http://www.customer.de/','werben-und-verdienen/','Werben & Verdienen ',0,'2011-05-04 21:22:41',0),(18,'http://www.customer.de/','presse/','Presse ',0,'2011-05-04 21:22:41',0),(18,'http://www.customer.de/','hilfe-videos/start/','Hilfe-Videos ',0,'2011-05-04 21:22:41',0),(18,'http://www.customer.de/','newsletter/','Newsletter ',0,'2011-05-04 21:22:41',0),(18,'http://www.customer.de/','faq/','FAQ ',0,'2011-05-04 21:22:41',0),(18,'http://www.customer.de/','hilfe-aufladen/','Aufladen ',0,'2011-05-04 21:22:41',0),(18,'http://www.customer.de/','roaming/','EU-Roaming ',0,'2011-05-04 21:22:41',0),(18,'http://www.customer.de/','downloads/','Downloads ',0,'2011-05-04 21:22:41',0),(18,'http://www.customer.de/','wechselservice-mobilfunk/','Wechselservice Mobilfunk ',0,'2011-05-04 21:22:41',0),(18,'http://www.customer.de/','mobiles-internet/das-customer-mobil-portal/','Mobil ins Internet ',0,'2011-05-04 21:22:41',0),(18,'http://www.customer.de/','mobile-e-mail/','Mobile E-Mail ',0,'2011-05-04 21:22:41',0),(18,'http://www.customer.de/','hilfe-zu-customer-dsads/','Hilfe zu customer dsads ',0,'2011-05-04 21:22:41',0),(19,'http://www.customer.de/','http://www.andywillwechseln.de/customerizer','customerizer ',0,'2011-05-04 21:22:42',0),(19,'http://www.customer.de/','http://www.andywillwechseln.de/customerizer','',0,'2011-05-04 21:22:43',0),(19,'http://www.customer.de/','http://www.andywillwechseln.de/customerizer','hier geht\'s zum customerizer ',0,'2011-05-04 21:22:43',0),(19,'http://www.customer.de/','customer-s-revenge/','customer\'s revenge ',0,'2011-05-04 21:22:43',0),(19,'http://www.customer.de/','customer-s-revenge/','',0,'2011-05-04 21:22:43',0),(19,'http://www.customer.de/','http://www.customer.de/customer-s-revenge/','hier geht\'s zum Spiel ',0,'2011-05-04 21:22:43',0),(19,'http://www.customer.de/','customer-tv-spot/','customer TV Spots ',0,'2011-05-04 21:22:43',0),(19,'http://www.customer.de/','customer-tv-spot/','Spots ansehen ',0,'2011-05-04 21:22:43',0),(19,'http://www.customer.de/','koerbe-fuer-koeln/','Krbe fr Kln ',0,'2011-05-04 21:22:43',0),(19,'http://www.customer.de/','koerbe-fuer-koeln/','',0,'2011-05-04 21:22:43',0),(19,'http://www.customer.de/','koerbe-fuer-koeln/','Mehr Informationen ',0,'2011-05-04 21:22:43',0),(19,'http://www.customer.de/','http://www.andywillwechseln.de/','Schaut vorbei! ',0,'2011-05-04 21:22:43',0),(19,'http://www.customer.de/','http://www.andywillwechseln.de/andys-freunde-tour/?ftu=e96365d1640b31c45144211ef1565a861a4bef9a','hier ',0,'2011-05-04 21:22:43',0),(19,'http://www.customer.de/','http://www.andywillwechseln.de','jetzt vorbeischauen ',0,'2011-05-04 21:22:43',0),(19,'http://www.customer.de/','agb/','AGB ',0,'2011-05-04 21:22:43',0),(19,'http://www.customer.de/','impressum/','Impressum ',0,'2011-05-04 21:22:43',0),(19,'http://www.customer.de/','datenschutz/','Datenschutz ',0,'2011-05-04 21:22:43',0),(19,'http://www.customer.de/','ueber-customer/','ber customer ',0,'2011-05-04 21:22:43',0),(19,'http://www.customer.de/','newsletter/','Newsletter ',0,'2011-05-04 21:22:43',0),(19,'http://www.customer.de/','http://customer.custhelp.com/cgi-bin/customer.cfg/php/enduser/ask.php','Kontakt ',0,'2011-05-04 21:22:43',0),(19,'http://www.customer.de/','https://www.customer.de/meincustomer/passwort-vergessen/','Passwort vergessen? ',0,'2011-05-04 21:22:44',0),(19,'http://www.customer.de/','https://www.customer.de/meincustomer/','meincustomer logIn ',0,'2011-05-04 21:22:44',0),(19,'http://www.customer.de/','prepaid/','Prepaid ',0,'2011-05-04 21:22:44',0),(19,'http://www.customer.de/','tarife/','Tarife ',0,'2011-05-04 21:22:44',0),(19,'http://www.customer.de/','handys/','Handys ',0,'2011-05-04 21:22:44',0),(19,'http://www.customer.de/','product-product/','product & product ',0,'2011-05-04 21:22:44',0),(19,'http://www.customer.de/','hilfe-service/','Hilfe & Service ',0,'2011-05-04 21:22:44',0),(19,'http://www.customer.de/','spielfeld/','Spielfeld ',0,'2011-05-04 21:22:44',0),(19,'http://www.customer.de/','werben-und-verdienen/','Werben & Verdienen ',0,'2011-05-04 21:22:44',0),(19,'http://www.customer.de/','presse/','Presse ',0,'2011-05-04 21:22:44',0),(19,'http://www.customer.de/','customer-s-revenge/','customer\'s revenge ',0,'2011-05-04 21:22:44',0),(19,'http://www.customer.de/','cokefridge/','CokeFridge ',0,'2011-05-04 21:22:44',0),(19,'http://www.customer.de/','fun-downloads/','Fun Downloads ',0,'2011-05-04 21:22:44',0),(19,'http://www.customer.de/','customer-tv-spot/','customer TV Spot ',0,'2011-05-04 21:22:44',0),(19,'http://www.customer.de/','musik-downloads/','Musik-Downloads ',0,'2011-05-04 21:22:44',0),(19,'http://www.customer.de/','koerbe-fuer-koeln/','Krbe fr Kln ',0,'2011-05-04 21:22:44',0),(20,'http://www.customer.de/','werben-und-verdienen/#','Wie funktioniert das Starseller-Programm? ',0,'2011-05-04 21:22:45',0),(20,'http://www.customer.de/','fileadmin/files_customer/images/werben-verdienen/provisonen_starseller.pdf','Wie hoch sind die Provisionen beim Starseller-Programm? ',0,'2011-05-04 21:22:45',0),(20,'http://www.customer.de/','fileadmin/files_customer/images/werben-verdienen/provisonen_starseller.pdf','Hier gehts\'s zur Provisionsbersicht ',0,'2011-05-04 21:22:45',0),(20,'http://www.customer.de/','werben-und-verdienen/#','Ich betreibe keine Website. Kann mich trotzdem beim Affiliate Programm anmelden? ',0,'2011-05-04 21:22:45',0),(20,'http://www.customer.de/','http://mgm.customer.de/mgm/','jetzt informieren ',0,'2011-05-04 21:22:45',0),(20,'http://www.customer.de/','partnerprogramm/partnerprogramm/','jetzt informieren ',0,'2011-05-04 21:22:45',0),(20,'http://www.customer.de/','https://mgm.customer.de/mgm/starseller/','jetzt informieren ',0,'2011-05-04 21:22:45',0),(20,'http://www.customer.de/','agb/','AGB ',0,'2011-05-04 21:22:45',0),(20,'http://www.customer.de/','impressum/','Impressum ',0,'2011-05-04 21:22:46',0),(20,'http://www.customer.de/','datenschutz/','Datenschutz ',0,'2011-05-04 21:22:46',0),(20,'http://www.customer.de/','ueber-customer/','ber customer ',0,'2011-05-04 21:22:46',0),(20,'http://www.customer.de/','newsletter/','Newsletter ',0,'2011-05-04 21:22:46',0),(20,'http://www.customer.de/','http://customer.custhelp.com/cgi-bin/customer.cfg/php/enduser/ask.php','Kontakt ',0,'2011-05-04 21:22:46',0),(20,'http://www.customer.de/','https://www.customer.de/meincustomer/passwort-vergessen/','Passwort vergessen? ',0,'2011-05-04 21:22:46',0),(20,'http://www.customer.de/','https://www.customer.de/meincustomer/','meincustomer logIn ',0,'2011-05-04 21:22:46',0),(20,'http://www.customer.de/','prepaid/','Prepaid ',0,'2011-05-04 21:22:46',0),(20,'http://www.customer.de/','tarife/','Tarife ',0,'2011-05-04 21:22:46',0),(20,'http://www.customer.de/','handys/','Handys ',0,'2011-05-04 21:22:46',0),(20,'http://www.customer.de/','product-product/','product & product ',0,'2011-05-04 21:22:46',0),(20,'http://www.customer.de/','hilfe-service/','Hilfe & Service ',0,'2011-05-04 21:22:46',0),(20,'http://www.customer.de/','spielfeld/','Spielfeld ',0,'2011-05-04 21:22:46',0),(20,'http://www.customer.de/','werben-und-verdienen/','Werben & Verdienen ',0,'2011-05-04 21:22:46',0),(20,'http://www.customer.de/','presse/','Presse ',0,'2011-05-04 21:22:46',0),(20,'http://www.customer.de/','http://mgm.customer.de/mgm/','Freundschaftswerbung ',0,'2011-05-04 21:22:46',0),(20,'http://www.customer.de/','partnerprogramm/partnerprogramm/','Affiliate-Programm ',0,'2011-05-04 21:22:46',0),(20,'http://www.customer.de/','https://mgm.customer.de/mgm/starseller/','customer Starseller ',0,'2011-05-04 21:22:46',0),(21,'http://www.customer.de/','https://mgm.customer.de/ma/lp/presse','Angebote sichern ',0,'2011-05-04 21:22:47',0),(21,'http://www.customer.de/','presse/#','Senden ',0,'2011-05-04 21:22:47',0),(21,'http://www.customer.de/','fileadmin/files_customer/documents/presse/Pressetexte/110201_Produkt_und_Tarifbersicht_gesamt_tabellarisch.pdf','Alle Produkte und Tarife im Gesamtberblick ',0,'2011-05-04 21:22:47',0),(21,'http://www.customer.de/','fileadmin/files_customer/documents/presse/Pressetexte/110201_Produktbeschreibung_customer_dsads.pdf','Produktbeschreibung: customer dsads ',0,'2011-05-04 21:22:48',0),(21,'http://www.customer.de/','fileadmin/files_customer/documents/presse/Pressetexte/110401_Produktbeschreibung_Prepaid.pdf','Produktbeschreibung: customer Prepaid ',0,'2011-05-04 21:22:48',0),(21,'http://www.customer.de/','fileadmin/files_customer/documents/presse/Pressetexte/110201_Produktbeschreibung_customer_Prepaid_Internetstick.pdf','Produktbeschreibung: customer Prepaid Internet-Stick ',0,'2011-05-04 21:22:48',0),(21,'http://www.customer.de/','fileadmin/files_customer/documents/presse/Pressetexte/110401_Produktbeschreibung_Postpaid.pdf','Produktbeschreibung: customer Mobilfunktarife ',0,'2011-05-04 21:22:48',0),(21,'http://www.customer.de/','presse/pressetexte/','details ',0,'2011-05-04 21:22:48',0),(21,'http://www.customer.de/','javascript:linkTo_UnCryptMailto(\'ftbemh3ikxllxTvhgzlmtk7gxm\');','presse(at)customer.net ',0,'2011-05-04 21:22:48',0),(21,'http://www.customer.de/','uploads/tx_newsdownloads/PM_customer_Prepaid_Internet_Stick_Preissenkung.pdf','Pressemitteilung herunterladen (pdf, 129 kB) ',0,'2011-05-04 21:22:48',0),(21,'http://www.customer.de/','uploads/tx_newsdownloads/PM_customer_Emnid_Studie_zum_mobilen_Internet_Mnner_multitaskingfhig.pdf','Pressemitteilung herunterladen (pdf, 138 kB) ',0,'2011-05-04 21:22:48',0),(21,'http://www.customer.de/','uploads/tx_newsdownloads/PM_customer_Starseller_02.pdf','Pressemitteilung herunterladen (pdf, 104 kB) ',0,'2011-05-04 21:22:48',0),(21,'http://www.customer.de/','presse/archiv/','Pressearchiv ',0,'2011-05-04 21:22:48',0),(21,'http://www.customer.de/','javascript:linkTo_UnCryptMailto(\'ftbemh3bgyhTvhgzlmtk7wx\');','info(at)customer.de ',0,'2011-05-04 21:22:48',0),(21,'http://www.customer.de/','presse/kontakt/','zum kontaktformular ',0,'2011-05-04 21:22:48',0),(21,'http://www.customer.de/','agb/','AGB ',0,'2011-05-04 21:22:48',0),(21,'http://www.customer.de/','impressum/','Impressum ',0,'2011-05-04 21:22:48',0),(21,'http://www.customer.de/','datenschutz/','Datenschutz ',0,'2011-05-04 21:22:48',0),(21,'http://www.customer.de/','ueber-customer/','ber customer ',0,'2011-05-04 21:22:48',0),(21,'http://www.customer.de/','newsletter/','Newsletter ',0,'2011-05-04 21:22:48',0),(21,'http://www.customer.de/','http://customer.custhelp.com/cgi-bin/customer.cfg/php/enduser/ask.php','Kontakt ',0,'2011-05-04 21:22:48',0),(21,'http://www.customer.de/','https://www.customer.de/meincustomer/passwort-vergessen/','Passwort vergessen? ',0,'2011-05-04 21:22:48',0),(21,'http://www.customer.de/','https://www.customer.de/meincustomer/','meincustomer logIn ',0,'2011-05-04 21:22:48',0),(21,'http://www.customer.de/','prepaid/','Prepaid ',0,'2011-05-04 21:22:48',0),(21,'http://www.customer.de/','tarife/','Tarife ',0,'2011-05-04 21:22:49',0),(21,'http://www.customer.de/','handys/','Handys ',0,'2011-05-04 21:22:49',0),(21,'http://www.customer.de/','product-product/','product & product ',0,'2011-05-04 21:22:49',0),(21,'http://www.customer.de/','hilfe-service/','Hilfe & Service ',0,'2011-05-04 21:22:49',0),(21,'http://www.customer.de/','spielfeld/','Spielfeld ',0,'2011-05-04 21:22:49',0),(21,'http://www.customer.de/','werben-und-verdienen/','Werben & Verdienen ',0,'2011-05-04 21:22:49',0),(21,'http://www.customer.de/','presse/','Presse ',0,'2011-05-04 21:22:49',0),(21,'http://www.customer.de/','presse/aktuelle-meldungen/','Aktuelle Meldungen ',0,'2011-05-04 21:22:49',0),(21,'http://www.customer.de/','presse/archiv/','Pressearchiv ',0,'2011-05-04 21:22:49',0),(21,'http://www.customer.de/','presse/pressetexte/','Pressetexte ',0,'2011-05-04 21:22:49',0),(21,'http://www.customer.de/','presse/presseverteiler/','Presseverteiler ',0,'2011-05-04 21:22:49',0),(21,'http://www.customer.de/','presse/downloads/','Downloads ',0,'2011-05-04 21:22:49',0),(21,'http://www.customer.de/','auszeichnungen/','Auszeichnungen ',0,'2011-05-04 21:22:49',0),(21,'http://www.customer.de/','presse/kontakt/','Kontakt ',0,'2011-05-04 21:22:49',0);
/*!40000 ALTER TABLE `app_de_documentlink` ENABLE KEYS */;
UNLOCK TABLES;

--
-- Table structure for table `app_de_relation`
--

DROP TABLE IF EXISTS `app_de_relation`;
/*!40101 SET @saved_cs_client     = @@character_set_client */;
/*!40101 SET character_set_client = utf8 */;
/*CREATE TABLE `app_de_relation` (
  `docidfrom` int(10) NOT NULL,
  `docidto` int(10) NOT NULL,
  `linktext` varchar(200) COLLATE utf8_unicode_ci NOT NULL,
  `relationtype` smallint(5) NOT NULL,
  `pageranklinkvalue` float NOT NULL DEFAULT '0.1',
  PRIMARY KEY (`docidfrom`,`docidto`,`linktext`,`relationtype`),
  KEY `docidfrom` (`docidfrom`,`docidto`,`relationtype`),
  KEY `docidto` (`docidto`)
) ENGINE=InnoDB DEFAULT CHARSET=utf8 COLLATE=utf8_unicode_ci;*/
/*!40101 SET character_set_client = @saved_cs_client */;

--
-- Dumping data for table `app_de_relation`
--

LOCK TABLES `app_de_relation` WRITE;
/*!40000 ALTER TABLE `app_de_relation` DISABLE KEYS */;
INSERT INTO `app_de_relation` VALUES (3,4,'customer dsads 2 ',0,0),(3,5,'mehr Details ',0,0),(3,6,'mehr details ',0,0),(3,7,'',0,0),(3,8,'Hier geht\'s zum Forum ',0,0),(3,9,'AGB ',0,0),(3,10,'Impressum ',0,0),(3,11,'Datenschutz ',0,0),(3,12,'ber customer ',0,0),(3,13,'Newsletter ',0,0),(3,14,'Kontakt ',0,0),(3,15,'Prepaid ',0,0),(3,16,'Tarife ',0,0),(3,17,'product & product ',0,0),(3,18,'Hilfe & Service ',0,0),(3,19,'Spielfeld ',0,0),(3,20,'Werben & Verdienen ',0,0),(3,21,'Presse ',0,0);
